gvkey,company,date,alpha,beta,delta,mu,A_used,L_used,PD_P_1y,PD_Q_1y,q_feasible,train_end_date,train_end_anchor,oos_end_anchor,training_end
100022,BAYERISCHE MOTOREN WERKE AKT,2014-03-28,2.25,0.0002747601109967987,0.0002726098309654008,0.0013964736530247025,158142440953.47327,102725000000.0,0.002152784081039501,,False,2014-03-28,2014-03-31,2014-06-30,1
100022,BAYERISCHE MOTOREN WERKE AKT,2014-06-27,2.25,0.00044202625238385745,0.00025130630501247586,0.0018574613143159783,158338245627.2157,102725000000.0,0.0017627731870682088,,False,2014-06-27,2014-06-30,2014-09-30,1
100022,BAYERISCHE MOTOREN WERKE AKT,2014-09-26,2.25,0.0003192947555982504,0.0002660927114957792,0.0016083227508095431,154377288548.74353,102725000000.0,0.0022323620404614444,,False,2014-09-26,2014-09-30,2014-12-31,1
100022,BAYERISCHE MOTOREN WERKE AKT,2014-12-26,2.25,0.0002675091894550146,0.0002741313670041728,0.0011134897902490217,157485818920.1986,102725000000.0,0.0023658739235320764,,False,2014-12-26,2014-12-31,2015-03-31,1
100957,IBERDROLA SA,2014-03-28,2.25,-0.0007487583337970968,0.0003348654676533628,4.79133544899316e-05,89465128996.61235,57050393000.0,0.003409764896117425,0.0055842334022587195,True,2014-03-28,2014-03-31,2014-06-30,1
100957,IBERDROLA SA,2014-04-04,2.25,-0.0007487583337970968,0.0003348654676533628,4.79133544899316e-05,89447417363.44994,57050393000.0,0.003413075736591266,0.005485234206286914,True,2014-03-28,2014-03-31,2014-06-30,0
100957,IBERDROLA SA,2014-04-11,2.25,-0.0007487583337970968,0.0003348654676533628,4.79133544899316e-05,87517029823.20827,57050393000.0,0.0038033684688815192,0.006074916674998953,True,2014-03-28,2014-03-31,2014-06-30,0
100957,IBERDROLA SA,2014-04-18,2.25,-0.0007487583337970968,0.0003348654676533628,4.79133544899316e-05,87887142178.00711,57050393000.0,0.00372375804942899,0.0060340808219202825,True,2014-03-28,2014-03-31,2014-06-30,0
100957,IBERDROLA SA,2014-04-25,2.25,-0.0007487583337970968,0.0003348654676533628,4.79133544899316e-05,88353049676.1573,57050393000.0,0.003626891535525975,0.005789080828661846,True,2014-03-28,2014-03-31,2014-06-30,0
100957,IBERDROLA SA,2014-05-02,2.25,-0.0007487583337970968,0.0003348654676533628,4.79133544899316e-05,89362165082.90314,57050393000.0,0.003429076329838736,0.005660475201219382,True,2014-03-28,2014-03-31,2014-06-30,0
100957,IBERDROLA SA,2014-05-09,2.25,-0.0007487583337970968,0.0003348654676533628,4.79133544899316e-05,89899232698.40292,57050393000.0,0.0033300296157130213,0.005599560706902115,True,2014-03-28,2014-03-31,2014-06-30,0
100957,IBERDROLA SA,2014-05-16,2.25,-0.0007487583337970968,0.0003348654676533628,4.79133544899316e-05,89903522689.8201,57050393000.0,0.0033292549668154816,0.005698755100743734,True,2014-03-28,2014-03-31,2014-06-30,0
100957,IBERDROLA SA,2014-05-23,2.25,-0.0007487583337970968,0.0003348654676533628,4.79133544899316e-05,90231593979.97818,57050393000.0,0.003270767509394358,0.005706009597837939,True,2014-03-28,2014-03-31,2014-06-30,0
100957,IBERDROLA SA,2014-05-30,2.25,-0.0007487583337970968,0.0003348654676533628,4.79133544899316e-05,90678276562.007,57050393000.0,0.0031934616845273153,0.0056621591057073855,True,2014-03-28,2014-03-31,2014-06-30,0
100957,IBERDROLA SA,2014-06-06,2.25,-0.0007487583337970968,0.0003348654676533628,4.79133544899316e-05,91309478069.01633,57050393000.0,0.0030885870378142078,0.0055742930419492645,True,2014-03-28,2014-03-31,2014-06-30,0
100957,IBERDROLA SA,2014-06-13,2.25,-0.0007487583337970968,0.0003348654676533628,4.79133544899316e-05,91899712422.46545,57050393000.0,0.0029948965288610343,0.005658079994299353,True,2014-03-28,2014-03-31,2014-06-30,0
100957,IBERDROLA SA,2014-06-20,2.25,-0.0007487583337970968,0.0003348654676533628,4.79133544899316e-05,92229333575.3186,57050393000.0,0.0029443241190867334,0.005504315925315813,True,2014-03-28,2014-03-31,2014-06-30,0
100957,IBERDROLA SA,2014-06-27,2.25,-0.0006715559965634452,0.00031001721994622605,0.000732175171034147,92653408970.065,57050393000.0,0.0022543221227069783,,False,2014-06-27,2014-06-30,2014-09-30,1
101202,L'AIR LIQUIDE SA,2014-03-28,2.25,-0.00025677622229741405,0.00042144034698036054,0.000593946438370544,45191561102.77207,14206500000.0,0.00024741363347701784,0.01485753046874618,True,2014-03-28,2014-03-31,2014-06-30,1
101202,L'AIR LIQUIDE SA,2014-04-04,2.25,-0.00025677622229741405,0.00042144034698036054,0.000593946438370544,45220034553.76921,14206500000.0,0.0002468928992304809,0.01468106680056141,True,2014-03-28,2014-03-31,2014-06-30,0
101202,L'AIR LIQUIDE SA,2014-04-11,2.25,-0.00025677622229741405,0.00042144034698036054,0.000593946438370544,44753343103.8214,14206500000.0,0.0002556219707949833,0.014899001202210212,True,2014-03-28,2014-03-31,2014-06-30,0
101202,L'AIR LIQUIDE SA,2014-04-18,2.25,-0.00025677622229741405,0.00042144034698036054,0.000593946438370544,45115189126.886795,14206500000.0,0.00024881783345990854,0.014915073259026872,True,2014-03-28,2014-03-31,2014-06-30,0
101202,L'AIR LIQUIDE SA,2014-04-25,2.25,-0.00025677622229741405,0.00042144034698036054,0.000593946438370544,46430624939.445984,14206500000.0,0.00022607803488037842,0.014433963695993871,True,2014-03-28,2014-03-31,2014-06-30,0
101202,L'AIR LIQUIDE SA,2014-05-02,2.25,-0.00025677622229741405,0.00042144034698036054,0.000593946438370544,46543933791.0429,14206500000.0,0.0002242549220956687,0.014630543585608615,True,2014-03-28,2014-03-31,2014-06-30,0
101202,L'AIR LIQUIDE SA,2014-05-09,2.25,-0.00025677622229741405,0.00042144034698036054,0.000593946438370544,47047016780.29526,14206500000.0,0.00021639987523800727,0.01464189708479906,True,2014-03-28,2014-03-31,2014-06-30,0
101202,L'AIR LIQUIDE SA,2014-05-16,2.25,-0.00025677622229741405,0.00042144034698036054,0.000593946438370544,47257085405.65901,14206500000.0,0.00021323169775555687,0.014756577922770967,True,2014-03-28,2014-03-31,2014-06-30,0
101202,L'AIR LIQUIDE SA,2014-05-23,2.25,-0.00025677622229741405,0.00042144034698036054,0.000593946438370544,47400368983.655365,14206500000.0,0.00021110721976549393,0.014867117525026815,True,2014-03-28,2014-03-31,2014-06-30,0
101202,L'AIR LIQUIDE SA,2014-05-30,2.25,-0.00025677622229741405,0.00042144034698036054,0.000593946438370544,47575983570.934105,14206500000.0,0.00020854284901346601,0.01493392251658366,True,2014-03-28,2014-03-31,2014-06-30,0
101202,L'AIR LIQUIDE SA,2014-06-06,2.25,-0.00025677622229741405,0.00042144034698036054,0.000593946438370544,48008348883.95524,14206500000.0,0.00020240911721401838,0.014943100627973912,True,2014-03-28,2014-03-31,2014-06-30,0
101202,L'AIR LIQUIDE SA,2014-06-13,2.25,-0.00025677622229741405,0.00042144034698036054,0.000593946438370544,48020946771.50551,14206500000.0,0.0002022341367131746,0.015287656031026728,True,2014-03-28,2014-03-31,2014-06-30,0
101202,L'AIR LIQUIDE SA,2014-06-20,2.25,-0.00025677622229741405,0.00042144034698036054,0.000593946438370544,48128856489.2103,14206500000.0,0.00020074378895215144,0.015141728094644381,True,2014-03-28,2014-03-31,2014-06-30,0
101202,L'AIR LIQUIDE SA,2014-06-27,2.25,-0.00025677622229741405,0.00042144034698036054,0.000593946438370544,47766993370.46196,14206500000.0,0.00020580203257788713,0.015268774069767075,True,2014-03-28,2014-03-31,2014-06-30,0
101202,L'AIR LIQUIDE SA,2014-09-26,2.25,-0.0001449658041948202,0.00043992554772651115,0.0006211402086909785,47180078548.15372,14206500000.0,0.00022317699233293263,0.016823555153278897,True,2014-09-26,2014-09-30,2014-12-31,1
101202,L'AIR LIQUIDE SA,2014-10-03,2.25,-0.0001449658041948202,0.00043992554772651115,0.0006211402086909785,46558119362.11977,14206500000.0,0.00023321158627468815,0.016862617784533067,True,2014-09-26,2014-09-30,2014-12-31,0
101202,L'AIR LIQUIDE SA,2014-10-10,2.25,-0.0001449658041948202,0.00043992554772651115,0.0006211402086909785,46002940959.23676,14206500000.0,0.0002427000528306907,0.017018384297336358,True,2014-09-26,2014-09-30,2014-12-31,0
101202,L'AIR LIQUIDE SA,2014-10-17,2.25,-0.0001449658041948202,0.00043992554772651115,0.0006211402086909785,45925050275.77238,14206500000.0,0.00024407350335022243,0.016909618190709706,True,2014-09-26,2014-09-30,2014-12-31,0
101202,L'AIR LIQUIDE SA,2014-10-24,2.25,-0.0001449658041948202,0.00043992554772651115,0.0006211402086909785,46152754139.2523,14206500000.0,0.00024008810439050677,0.01686906869905807,True,2014-09-26,2014-09-30,2014-12-31,0
101202,L'AIR LIQUIDE SA,2014-10-31,2.25,-0.0001449658041948202,0.00043992554772651115,0.0006211402086909785,47391327390.83289,14206500000.0,0.0002199038210499415,0.016659193297592856,True,2014-09-26,2014-09-30,2014-12-31,0
101202,L'AIR LIQUIDE SA,2014-11-07,2.25,-0.0001449658041948202,0.00043992554772651115,0.0006211402086909785,47192811386.73886,14206500000.0,0.0002229778151734675,0.01672510298080881,True,2014-09-26,2014-09-30,2014-12-31,0
101202,L'AIR LIQUIDE SA,2014-11-14,2.25,-0.0001449658041948202,0.00043992554772651115,0.0006211402086909785,47685000015.989136,14206500000.0,0.00021546220337100093,0.016572477291230542,True,2014-09-26,2014-09-30,2014-12-31,0
101202,L'AIR LIQUIDE SA,2014-11-21,2.25,-0.0001449658041948202,0.00043992554772651115,0.0006211402086909785,48734669514.02632,14206500000.0,0.00020055762486541475,0.016249801437019384,True,2014-09-26,2014-09-30,2014-12-31,0
101202,L'AIR LIQUIDE SA,2014-11-28,2.25,-0.0001449658041948202,0.00043992554772651115,0.0006211402086909785,49095901531.968056,14206500000.0,0.00019575634033770084,0.01613359628302421,True,2014-09-26,2014-09-30,2014-12-31,0
101202,L'AIR LIQUIDE SA,2014-12-05,2.25,-0.0001449658041948202,0.00043992554772651115,0.0006211402086909785,49474523732.76499,14206500000.0,0.00019089185458435348,0.01602479440295955,True,2014-09-26,2014-09-30,2014-12-31,0
101202,L'AIR LIQUIDE SA,2014-12-12,2.25,-0.0001449658041948202,0.00043992554772651115,0.0006211402086909785,47589239635.214325,14206500000.0,0.0002168968617585102,0.016445407408996568,True,2014-09-26,2014-09-30,2014-12-31,0
101202,L'AIR LIQUIDE SA,2014-12-19,2.25,-0.0001449658041948202,0.00043992554772651115,0.0006211402086909785,49104393492.86193,14206500000.0,0.00019564537956571145,0.016228469159364132,True,2014-09-26,2014-09-30,2014-12-31,0
101202,L'AIR LIQUIDE SA,2014-12-26,2.25,-0.00015921847684225132,0.00047816041258663894,0.001274547392712644,49639439261.33971,14206500000.0,0.00018453929802576593,,False,2014-12-26,2014-12-31,2015-03-31,1
101204,SANOFI,2014-03-28,2.25,-0.00023862068834610021,0.0007829214215509242,0.0012984593241964412,139394768130.53918,39051000000.0,0.0002907643834168393,0.034705119252895496,True,2014-03-28,2014-03-31,2014-06-30,1
101204,SANOFI,2014-04-04,2.25,-0.00023862068834610021,0.0007829214215509242,0.0012984593241964412,139453223198.66028,39051000000.0,0.00029037098948783864,0.03451760006245462,True,2014-03-28,2014-03-31,2014-06-30,0
101204,SANOFI,2014-04-11,2.25,-0.00023862068834610021,0.0007829214215509242,0.0012984593241964412,137524606442.95135,39051000000.0,0.00030374673153384297,0.03487427904033847,True,2014-03-28,2014-03-31,2014-06-30,0
101204,SANOFI,2014-04-18,2.25,-0.00023862068834610021,0.0007829214215509242,0.0012984593241964412,138972787735.61243,39051000000.0,0.0002936260949772414,0.03479962735109323,True,2014-03-28,2014-03-31,2014-06-30,0
101204,SANOFI,2014-04-25,2.25,-0.00023862068834610021,0.0007829214215509242,0.0012984593241964412,139865041753.7927,39051000000.0,0.00028762013102522484,0.034496358792713275,True,2014-03-28,2014-03-31,2014-06-30,0
101204,SANOFI,2014-05-02,2.25,-0.00023862068834610021,0.0007829214215509242,0.0012984593241964412,141821961393.1463,39051000000.0,0.00027502614145138966,0.03449478400703572,True,2014-03-28,2014-03-31,2014-06-30,0
101204,SANOFI,2014-05-09,2.25,-0.00023862068834610021,0.0007829214215509242,0.0012984593241964412,142820725870.1489,39051000000.0,0.00026888944144742513,0.034504496670034884,True,2014-03-28,2014-03-31,2014-06-30,0
101204,SANOFI,2014-05-16,2.25,-0.00023862068834610021,0.0007829214215509242,0.0012984593241964412,140829759911.73532,39051000000.0,0.00028131471535902626,0.0349127178397421,True,2014-03-28,2014-03-31,2014-06-30,0
101204,SANOFI,2014-05-23,2.25,-0.00023862068834610021,0.0007829214215509242,0.0012984593241964412,141323851296.49054,39051000000.0,0.0002781587416333803,0.03500266512130405,True,2014-03-28,2014-03-31,2014-06-30,0
101204,SANOFI,2014-05-30,2.25,-0.00023862068834610021,0.0007829214215509242,0.0012984593241964412,142422520112.5418,39051000000.0,0.00027131335265185533,0.034981362277848906,True,2014-03-28,2014-03-31,2014-06-30,0
101204,SANOFI,2014-06-06,2.25,-0.00023862068834610021,0.0007829214215509242,0.0012984593241964412,143349636155.256,39051000000.0,0.00026571570454081883,0.03497734490937776,True,2014-03-28,2014-03-31,2014-06-30,0
101204,SANOFI,2014-06-13,2.25,-0.00023862068834610021,0.0007829214215509242,0.0012984593241964412,144139037769.31348,39051000000.0,0.0002610738957966923,0.03525274146186262,True,2014-03-28,2014-03-31,2014-06-30,0
101204,SANOFI,2014-06-20,2.25,-0.00023862068834610021,0.0007829214215509242,0.0012984593241964412,144740231662.36368,39051000000.0,0.0002576132236221293,0.03505278043850475,True,2014-03-28,2014-03-31,2014-06-30,0
101204,SANOFI,2014-06-27,2.25,-0.00017121573010766522,0.0007231177985220677,0.0013808289286228322,141603108610.7484,39051000000.0,0.0002500662053872803,,False,2014-06-27,2014-06-30,2014-09-30,1
101204,SANOFI,2014-12-26,2.25,-0.00032923677528727834,0.0009784455776452043,7.900788473707623e-05,138591901284.75775,39051000000.0,0.00046524547642309285,0.0014842253787375008,True,2014-12-26,2014-12-31,2015-03-31,1
101204,SANOFI,2015-01-02,2.25,-0.00032923677528727834,0.0009784455776452043,7.900788473707623e-05,139192781913.20447,39051000000.0,0.00045869874189408854,0.0014782863664490307,True,2014-12-26,2014-12-31,2015-03-31,0
101204,SANOFI,2015-01-09,2.25,-0.00032923677528727834,0.0009784455776452043,7.900788473707623e-05,138454391220.0304,39051000000.0,0.0004667617172370368,0.001511163293104995,True,2014-12-26,2014-12-31,2015-03-31,0
101204,SANOFI,2015-01-16,2.25,-0.00032923677528727834,0.0009784455776452043,7.900788473707623e-05,145163136270.63437,39051000000.0,0.00040002394590041854,0.0013622406624028299,True,2014-12-26,2014-12-31,2015-03-31,0
101204,SANOFI,2015-01-23,2.25,-0.00032923677528727834,0.0009784455776452043,7.900788473707623e-05,150032694167.33307,39051000000.0,0.0003595521056894912,0.0013207837950484583,True,2014-12-26,2014-12-31,2015-03-31,0
101204,SANOFI,2015-01-30,2.25,-0.00032923677528727834,0.0009784455776452043,7.900788473707623e-05,147934765781.2827,39051000000.0,0.00037626443074322696,0.0013631847018917875,True,2014-12-26,2014-12-31,2015-03-31,0
101204,SANOFI,2015-02-06,2.25,-0.00032923677528727834,0.0009784455776452043,7.900788473707623e-05,151923401141.48212,39051000000.0,0.0003453523220200566,0.0012974462868525598,True,2014-12-26,2014-12-31,2015-03-31,0
101204,SANOFI,2015-02-13,2.25,-0.00032923677528727834,0.0009784455776452043,7.900788473707623e-05,154214779805.0871,39051000000.0,0.0003291563394175966,0.001241288561194087,True,2014-12-26,2014-12-31,2015-03-31,0
101204,SANOFI,2015-02-20,2.25,-0.00032923677528727834,0.0009784455776452043,7.900788473707623e-05,154429929946.96942,39051000000.0,0.0003276896093430524,0.0012473458334017324,True,2014-12-26,2014-12-31,2015-03-31,0
101204,SANOFI,2015-02-27,2.25,-0.00032923677528727834,0.0009784455776452043,7.900788473707623e-05,154855961204.81476,39051000000.0,0.00032481164278972893,0.0012810927382382225,True,2014-12-26,2014-12-31,2015-03-31,0
101204,SANOFI,2015-03-06,2.25,-0.00032923677528727834,0.0009784455776452043,7.900788473707623e-05,154781951213.95538,39051000000.0,0.00032530910223524867,0.0012625579963410967,True,2014-12-26,2014-12-31,2015-03-31,0
101204,SANOFI,2015-03-13,2.25,-0.00032923677528727834,0.0009784455776452043,7.900788473707623e-05,159744709773.05133,41124000000.0,0.0003470467777923177,0.0013464224186614424,True,2014-12-26,2014-12-31,2015-03-31,0
101204,SANOFI,2015-03-20,2.25,-0.00032923677528727834,0.0009784455776452043,7.900788473707623e-05,164754478051.74307,41124000000.0,0.00031434985303970046,0.001242394608124372,True,2014-12-26,2014-12-31,2015-03-31,0
101204,SANOFI,2015-03-27,2.25,-0.00032923677528727834,0.0009784455776452043,7.900788473707623e-05,162203451843.325,41124000000.0,0.00033044375407470354,0.0013097798319774525,True,2014-12-26,2014-12-31,2015-03-31,0
101336,SCHNEIDER ELECTRIC S E,2014-03-28,2.25,0.00011377879508911768,0.0010809292985395546,0.0019137565025453495,56932380678.70638,19625000000.0,0.0007390026631573054,0.058862066507862264,True,2014-03-28,2014-03-31,2014-06-30,1
101336,SCHNEIDER ELECTRIC S E,2014-04-04,2.25,0.00011377879508911768,0.0010809292985395546,0.0019137565025453495,57739315218.5624,19625000000.0,0.0007049026054459196,0.05825824006203004,True,2014-03-28,2014-03-31,2014-06-30,0
101336,SCHNEIDER ELECTRIC S E,2014-04-11,2.25,0.00011377879508911768,0.0010809292985395546,0.0019137565025453495,56797730170.64338,19625000000.0,0.0007449124430140132,0.05886595036231538,True,2014-03-28,2014-03-31,2014-06-30,0
101336,SCHNEIDER ELECTRIC S E,2014-04-18,2.25,0.00011377879508911768,0.0010809292985395546,0.0019137565025453495,57703579476.62035,19625000000.0,0.0007063664742128219,0.058502204499271376,True,2014-03-28,2014-03-31,2014-06-30,0
101336,SCHNEIDER ELECTRIC S E,2014-04-25,2.25,0.00011377879508911768,0.0010809292985395546,0.0019137565025453495,58521834435.210815,19625000000.0,0.0006738665771529492,0.057893463548853843,True,2014-03-28,2014-03-31,2014-06-30,0
101336,SCHNEIDER ELECTRIC S E,2014-05-02,2.25,0.00011377879508911768,0.0010809292985395546,0.0019137565025453495,58608027795.007416,19625000000.0,0.0006705635889803872,0.058090609073891276,True,2014-03-28,2014-03-31,2014-06-30,0
101336,SCHNEIDER ELECTRIC S E,2014-05-09,2.25,0.00011377879508911768,0.0010809292985395546,0.0019137565025453495,59230513233.66198,19625000000.0,0.0006473574717547248,0.05791655750772039,True,2014-03-28,2014-03-31,2014-06-30,0
101336,SCHNEIDER ELECTRIC S E,2014-05-16,2.25,0.00011377879508911768,0.0010809292985395546,0.0019137565025453495,58119328119.22576,19625000000.0,0.0006895906580988352,0.05863764884888758,True,2014-03-28,2014-03-31,2014-06-30,0
101336,SCHNEIDER ELECTRIC S E,2014-05-23,2.25,0.00011377879508911768,0.0010809292985395546,0.0019137565025453495,58748109857.10379,19625000000.0,0.000665242850054648,0.05847604461992195,True,2014-03-28,2014-03-31,2014-06-30,0
101336,SCHNEIDER ELECTRIC S E,2014-05-30,2.25,0.00011377879508911768,0.0010809292985395546,0.0019137565025453495,59630890169.91119,19625000000.0,0.0006330114924208431,0.058160659008871976,True,2014-03-28,2014-03-31,2014-06-30,0
101336,SCHNEIDER ELECTRIC S E,2014-06-06,2.25,0.00011377879508911768,0.0010809292985395546,0.0019137565025453495,60583068721.47074,19625000000.0,0.0006006042670050972,0.057822824781695994,True,2014-03-28,2014-03-31,2014-06-30,0
101336,SCHNEIDER ELECTRIC S E,2014-06-13,2.25,0.00011377879508911768,0.0010809292985395546,0.0019137565025453495,59646863666.29653,19625000000.0,0.0006324482450948942,0.05863187478160515,True,2014-03-28,2014-03-31,2014-06-30,0
101336,SCHNEIDER ELECTRIC S E,2014-06-20,2.25,0.00011377879508911768,0.0010809292985395546,0.0019137565025453495,60750347157.411026,19625000000.0,0.0005951477693039041,0.05798617242398663,True,2014-03-28,2014-03-31,2014-06-30,0
101336,SCHNEIDER ELECTRIC S E,2014-06-27,2.25,6.229882217251276e-05,0.0010485759450026152,0.0029720804201259754,59645231061.443405,19625000000.0,0.0005098373279652939,,False,2014-06-27,2014-06-30,2014-09-30,1
101336,SCHNEIDER ELECTRIC S E,2014-09-26,2.25,3.274573661890178e-05,0.0009862661920595405,0.0018799684359752807,55054426967.025986,19625000000.0,0.0007519011559551404,,False,2014-09-26,2014-09-30,2014-12-31,1
101336,SCHNEIDER ELECTRIC S E,2014-12-26,2.25,-5.257312648810745e-05,0.0010024550036879234,0.0009519024234919585,55238341541.53879,19625000000.0,0.0008927209586323315,0.022220124224294865,True,2014-12-26,2014-12-31,2015-03-31,1
101336,SCHNEIDER ELECTRIC S E,2015-01-02,2.25,-5.257312648810745e-05,0.0010024550036879234,0.0009519024234919585,54684979712.78597,19625000000.0,0.0009242134104264627,0.02254158411900855,True,2014-12-26,2014-12-31,2015-03-31,0
101336,SCHNEIDER ELECTRIC S E,2015-01-09,2.25,-5.257312648810745e-05,0.0010024550036879234,0.0009519024234919585,54015141182.14916,19625000000.0,0.0009644160969303004,0.022944756931050695,True,2014-12-26,2014-12-31,2015-03-31,0
101336,SCHNEIDER ELECTRIC S E,2015-01-16,2.25,-5.257312648810745e-05,0.0010024550036879234,0.0009519024234919585,56397952924.01265,19625000000.0,0.0008313532093992003,0.02200444350536349,True,2014-12-26,2014-12-31,2015-03-31,0
101336,SCHNEIDER ELECTRIC S E,2015-01-23,2.25,-5.257312648810745e-05,0.0010024550036879234,0.0009519024234919585,59549988827.957756,19625000000.0,0.000691295744948481,0.021219222443703334,True,2014-12-26,2014-12-31,2015-03-31,0
101336,SCHNEIDER ELECTRIC S E,2015-01-30,2.25,-5.257312648810745e-05,0.0010024550036879234,0.0009519024234919585,58824515935.99162,19625000000.0,0.0007204762945736168,0.021470664621792594,True,2014-12-26,2014-12-31,2015-03-31,0
101336,SCHNEIDER ELECTRIC S E,2015-02-06,2.25,-5.257312648810745e-05,0.0010024550036879234,0.0009519024234919585,59412919166.399216,19625000000.0,0.000696682931267127,0.02138590935595808,True,2014-12-26,2014-12-31,2015-03-31,0
101336,SCHNEIDER ELECTRIC S E,2015-02-13,2.25,-5.257312648810745e-05,0.0010024550036879234,0.0009519024234919585,60264176156.97874,19625000000.0,0.0006641330713293132,0.020994719743923685,True,2014-12-26,2014-12-31,2015-03-31,0
101336,SCHNEIDER ELECTRIC S E,2015-02-20,2.25,-5.257312648810745e-05,0.0010024550036879234,0.0009519024234919585,61388583816.23812,19625000000.0,0.0006242608791848256,0.02067217882566424,True,2014-12-26,2014-12-31,2015-03-31,0
101336,SCHNEIDER ELECTRIC S E,2015-02-27,2.25,-5.257312648810745e-05,0.0010024550036879234,0.0009519024234919585,63133271093.94271,21007000000.0,0.0007140863715986383,0.02185790473193076,True,2014-12-26,2014-12-31,2015-03-31,0
101336,SCHNEIDER ELECTRIC S E,2015-03-06,2.25,-5.257312648810745e-05,0.0010024550036879234,0.0009519024234919585,63111409336.4386,21007000000.0,0.0007149218780064242,0.021719595971066555,True,2014-12-26,2014-12-31,2015-03-31,0
101336,SCHNEIDER ELECTRIC S E,2015-03-13,2.25,-5.257312648810745e-05,0.0010024550036879234,0.0009519024234919585,64027792798.19447,21007000000.0,0.0006810200085167124,0.02154785080152447,True,2014-12-26,2014-12-31,2015-03-31,0
101336,SCHNEIDER ELECTRIC S E,2015-03-20,2.25,-5.257312648810745e-05,0.0010024550036879234,0.0009519024234919585,64417471771.24016,21007000000.0,0.000667272267077334,0.021347985195514244,True,2014-12-26,2014-12-31,2015-03-31,0
101336,SCHNEIDER ELECTRIC S E,2015-03-27,2.25,-5.257312648810745e-05,0.0010024550036879234,0.0009519024234919585,63223553207.33442,21007000000.0,0.000710650178907611,0.021913496116132598,True,2014-12-26,2014-12-31,2015-03-31,0
102296,VINCI SA,2014-12-26,2.25,-0.00018889352846407847,0.00024914598876648664,0.001130228262316216,75986078150.99725,48816000000.0,0.001988730081379452,,False,2014-12-26,2014-12-31,2015-03-31,1
14447,LVMH MOET HENNESSY LOUIS V,2014-03-28,2.25,8.135879502990878e-05,0.0010910243279420458,0.0007175423831919279,95823389802.34546,27951000000.0,0.0005273831510288565,0.009688645919437222,True,2014-03-28,2014-03-31,2014-06-30,1
14447,LVMH MOET HENNESSY LOUIS V,2014-04-04,2.25,8.135879502990878e-05,0.0010910243279420458,0.0007175423831919279,95767067848.28537,27951000000.0,0.0005284006600689951,0.009608390605647627,True,2014-03-28,2014-03-31,2014-06-30,0
14447,LVMH MOET HENNESSY LOUIS V,2014-04-11,2.25,8.135879502990878e-05,0.0010910243279420458,0.0007175423831919279,99603476616.0865,27951000000.0,0.00046481537789853136,0.009141382272307558,True,2014-03-28,2014-03-31,2014-06-30,0
14447,LVMH MOET HENNESSY LOUIS V,2014-04-18,2.25,8.135879502990878e-05,0.0010910243279420458,0.0007175423831919279,100448519210.29889,27951000000.0,0.00045223710416674194,0.009084997003956128,True,2014-03-28,2014-03-31,2014-06-30,0
14447,LVMH MOET HENNESSY LOUIS V,2014-04-25,2.25,8.135879502990878e-05,0.0010910243279420458,0.0007175423831919279,100061415873.975,27951000000.0,0.0004579402374933395,0.009043086594645599,True,2014-03-28,2014-03-31,2014-06-30,0
14447,LVMH MOET HENNESSY LOUIS V,2014-05-02,2.25,8.135879502990878e-05,0.0010910243279420458,0.0007175423831919279,99484227026.04376,27951000000.0,0.0004666289546128338,0.00922933527484612,True,2014-03-28,2014-03-31,2014-06-30,0
14447,LVMH MOET HENNESSY LOUIS V,2014-05-09,2.25,8.135879502990878e-05,0.0010910243279420458,0.0007175423831919279,100027326669.87968,27951000000.0,0.0004584471940049548,0.009220443341061854,True,2014-03-28,2014-03-31,2014-06-30,0
14447,LVMH MOET HENNESSY LOUIS V,2014-05-16,2.25,8.135879502990878e-05,0.0010910243279420458,0.0007175423831919279,100998265277.01488,27951000000.0,0.00044430422290145746,0.009177907548671376,True,2014-03-28,2014-03-31,2014-06-30,0
14447,LVMH MOET HENNESSY LOUIS V,2014-05-23,2.25,8.135879502990878e-05,0.0010910243279420458,0.0007175423831919279,100697907279.6134,27951000000.0,0.00044861449525281723,0.009287334874538405,True,2014-03-28,2014-03-31,2014-06-30,0
14447,LVMH MOET HENNESSY LOUIS V,2014-05-30,2.25,8.135879502990878e-05,0.0010910243279420458,0.0007175423831919279,102124452150.47238,27951000000.0,0.0004286401788771654,0.009161419843627108,True,2014-03-28,2014-03-31,2014-06-30,0
14447,LVMH MOET HENNESSY LOUIS V,2014-06-06,2.25,8.135879502990878e-05,0.0010910243279420458,0.0007175423831919279,100755355867.17119,27951000000.0,0.0004477856518587325,0.009383412140098753,True,2014-03-28,2014-03-31,2014-06-30,0
14447,LVMH MOET HENNESSY LOUIS V,2014-06-13,2.25,8.135879502990878e-05,0.0010910243279420458,0.0007175423831919279,101362703738.44547,27951000000.0,0.00043915041713440424,0.009483010095407704,True,2014-03-28,2014-03-31,2014-06-30,0
14447,LVMH MOET HENNESSY LOUIS V,2014-06-20,2.25,8.135879502990878e-05,0.0010910243279420458,0.0007175423831919279,102019555681.0225,27951000000.0,0.0004300668243913641,0.009337479526776557,True,2014-03-28,2014-03-31,2014-06-30,0
14447,LVMH MOET HENNESSY LOUIS V,2014-06-27,2.25,3.99333019788839e-05,0.0010421617826358285,0.0015588620608780667,99301557919.23433,27951000000.0,0.00038710686399071634,0.03966473298940961,True,2014-06-27,2014-06-30,2014-09-30,1
14447,LVMH MOET HENNESSY LOUIS V,2014-07-04,2.25,3.99333019788839e-05,0.0010421617826358285,0.0015588620608780667,99563573475.11673,27951000000.0,0.00038383436190510083,0.039653512527566735,True,2014-06-27,2014-06-30,2014-09-30,0
14447,LVMH MOET HENNESSY LOUIS V,2014-07-11,2.25,3.99333019788839e-05,0.0010421617826358285,0.0015588620608780667,98802363547.52109,27951000000.0,0.00039344859279938474,0.03986828423602702,True,2014-06-27,2014-06-30,2014-09-30,0
14447,LVMH MOET HENNESSY LOUIS V,2014-07-18,2.25,3.99333019788839e-05,0.0010421617826358285,0.0015588620608780667,98317124681.64714,27951000000.0,0.000399750673138607,0.0399095904881573,True,2014-06-27,2014-06-30,2014-09-30,0
14447,LVMH MOET HENNESSY LOUIS V,2014-07-25,2.25,3.99333019788839e-05,0.0010421617826358285,0.0015588620608780667,94888445852.22952,27951000000.0,0.00044849589128142197,0.040824360182390364,True,2014-06-27,2014-06-30,2014-09-30,0
14447,LVMH MOET HENNESSY LOUIS V,2014-08-01,2.25,3.99333019788839e-05,0.0010421617826358285,0.0015588620608780667,93160147970.58461,27951000000.0,0.0004761965752030231,0.041272452454482494,True,2014-06-27,2014-06-30,2014-09-30,0
14447,LVMH MOET HENNESSY LOUIS V,2014-08-08,2.25,3.99333019788839e-05,0.0010421617826358285,0.0015588620608780667,92264870335.38383,27951000000.0,0.000491475652764201,0.041512583080971215,True,2014-06-27,2014-06-30,2014-09-30,0
14447,LVMH MOET HENNESSY LOUIS V,2014-08-15,2.25,3.99333019788839e-05,0.0010421617826358285,0.0015588620608780667,92544008503.84555,27951000000.0,0.00048664040753796403,0.04143475422419298,True,2014-06-27,2014-06-30,2014-09-30,0
14447,LVMH MOET HENNESSY LOUIS V,2014-08-22,2.25,3.99333019788839e-05,0.0010421617826358285,0.0015588620608780667,93712760753.4926,27951000000.0,0.0004670898033709734,0.04115932490354575,True,2014-06-27,2014-06-30,2014-09-30,0
14447,LVMH MOET HENNESSY LOUIS V,2014-08-29,2.25,3.99333019788839e-05,0.0010421617826358285,0.0015588620608780667,95014608986.25565,27951000000.0,0.0004465613620420812,0.041050321185099534,True,2014-06-27,2014-06-30,2014-09-30,0
14447,LVMH MOET HENNESSY LOUIS V,2014-09-05,2.25,3.99333019788839e-05,0.0010421617826358285,0.0015588620608780667,97365645731.32436,27951000000.0,0.00041251685711206343,0.040866506192037605,True,2014-06-27,2014-06-30,2014-09-30,0
14447,LVMH MOET HENNESSY LOUIS V,2014-09-12,2.25,3.99333019788839e-05,0.0010421617826358285,0.0015588620608780667,97133400057.38481,27951000000.0,0.00041571783006161793,0.04080511380312841,True,2014-06-27,2014-06-30,2014-09-30,0
14447,LVMH MOET HENNESSY LOUIS V,2014-09-19,2.25,3.99333019788839e-05,0.0010421617826358285,0.0015588620608780667,96246220289.82588,27951000000.0,0.0004282647791502286,0.04106188530415777,True,2014-06-27,2014-06-30,2014-09-30,0
14447,LVMH MOET HENNESSY LOUIS V,2014-09-26,2.25,5.573444068803645e-05,0.0009831107327962576,0.0012409543720004127,94419165964.71625,27951000000.0,0.0004508179760100648,0.029536522307636398,True,2014-09-26,2014-09-30,2014-12-31,1
14447,LVMH MOET HENNESSY LOUIS V,2014-10-03,2.25,5.573444068803645e-05,0.0009831107327962576,0.0012409543720004127,92892520515.495,27951000000.0,0.0004755435316010078,0.029794502068177398,True,2014-09-26,2014-09-30,2014-12-31,0
14447,LVMH MOET HENNESSY LOUIS V,2014-10-10,2.25,5.573444068803645e-05,0.0009831107327962576,0.0012409543720004127,91447142952.40633,27951000000.0,0.0005007032066542735,0.030164036114769383,True,2014-09-26,2014-09-30,2014-12-31,0
14447,LVMH MOET HENNESSY LOUIS V,2014-10-17,2.25,5.573444068803645e-05,0.0009831107327962576,0.0012409543720004127,91544633452.8107,27951000000.0,0.0004989493948388651,0.03002290712031848,True,2014-09-26,2014-09-30,2014-12-31,0
14447,LVMH MOET HENNESSY LOUIS V,2014-10-24,2.25,5.573444068803645e-05,0.0009831107327962576,0.0012409543720004127,93093808354.10037,27951000000.0,0.0004721784438511833,0.02966501939311245,True,2014-09-26,2014-09-30,2014-12-31,0
14447,LVMH MOET HENNESSY LOUIS V,2014-10-31,2.25,5.573444068803645e-05,0.0009831107327962576,0.0012409543720004127,96701497796.39603,27951000000.0,0.00041703785117476314,0.028925305675405927,True,2014-09-26,2014-09-30,2014-12-31,0
14447,LVMH MOET HENNESSY LOUIS V,2014-11-07,2.25,5.573444068803645e-05,0.0009831107327962576,0.0012409543720004127,95951667026.3789,27951000000.0,0.000427740244801375,0.0291071732851066,True,2014-09-26,2014-09-30,2014-12-31,0
14447,LVMH MOET HENNESSY LOUIS V,2014-11-14,2.25,5.573444068803645e-05,0.0009831107327962576,0.0012409543720004127,97904851267.7144,27951000000.0,0.00040061766092064463,0.028651038773572796,True,2014-09-26,2014-09-30,2014-12-31,0
14447,LVMH MOET HENNESSY LOUIS V,2014-11-21,2.25,5.573444068803645e-05,0.0009831107327962576,0.0012409543720004127,101557000974.05421,27951000000.0,0.00035590540256737207,0.02783262509084258,True,2014-09-26,2014-09-30,2014-12-31,0
14447,LVMH MOET HENNESSY LOUIS V,2014-11-28,2.25,5.573444068803645e-05,0.0009831107327962576,0.0012409543720004127,101327231772.04285,27951000000.0,0.0003585104504882781,0.027839700858423463,True,2014-09-26,2014-09-30,2014-12-31,0
14447,LVMH MOET HENNESSY LOUIS V,2014-12-05,2.25,5.573444068803645e-05,0.0009831107327962576,0.0012409543720004127,101960812547.74495,27951000000.0,0.0003513897766030167,0.02769002563240902,True,2014-09-26,2014-09-30,2014-12-31,0
14447,LVMH MOET HENNESSY LOUIS V,2014-12-12,2.25,5.573444068803645e-05,0.0009831107327962576,0.0012409543720004127,97826890183.67355,27951000000.0,0.0004016542876790664,0.028532208256484583,True,2014-09-26,2014-09-30,2014-12-31,0
14447,LVMH MOET HENNESSY LOUIS V,2014-12-19,2.25,5.573444068803645e-05,0.0009831107327962576,0.0012409543720004127,93946505359.7576,27951000000.0,0.00045828044759088567,0.02948132901518428,True,2014-09-26,2014-09-30,2014-12-31,0
14447,LVMH MOET HENNESSY LOUIS V,2014-12-26,2.25,5.573444068803645e-05,0.0009831107327962576,0.0012409543720004127,94937892568.98138,27951000000.0,0.0004428190591285678,0.029295953246786452,True,2014-09-26,2014-09-30,2014-12-31,0
17436,BASF SE,2014-03-28,2.25,-1.1198409374032309e-06,0.0009504681754244298,0.001347221109890814,110410619425.30717,36593000000.0,0.0006198131340095036,0.03574410410803758,True,2014-03-28,2014-03-31,2014-06-30,1
17436,BASF SE,2014-04-04,2.25,-1.1198409374032309e-06,0.0009504681754244298,0.001347221109890814,110733999280.89128,36593000000.0,0.0006137635306454191,0.035500931161353375,True,2014-03-28,2014-03-31,2014-06-30,0
17436,BASF SE,2014-04-11,2.25,-1.1198409374032309e-06,0.0009504681754244298,0.001347221109890814,107845375223.52951,36593000000.0,0.0006708381600378912,0.03627882944435994,True,2014-03-28,2014-03-31,2014-06-30,0
17436,BASF SE,2014-04-18,2.25,-1.1198409374032309e-06,0.0009504681754244298,0.001347221109890814,109447905641.65451,36593000000.0,0.0006383157051426294,0.036004120017795946,True,2014-03-28,2014-03-31,2014-06-30,0
17436,BASF SE,2014-04-25,2.25,-1.1198409374032309e-06,0.0009504681754244298,0.001347221109890814,111130143691.65123,36593000000.0,0.0006064627690897039,0.03544032900595401,True,2014-03-28,2014-03-31,2014-06-30,0
17436,BASF SE,2014-05-02,2.25,-1.1198409374032309e-06,0.0009504681754244298,0.001347221109890814,113720596761.79709,36593000000.0,0.0005615439048873263,0.03510108741472555,True,2014-03-28,2014-03-31,2014-06-30,0
17436,BASF SE,2014-05-09,2.25,-1.1198409374032309e-06,0.0009504681754244298,0.001347221109890814,112274576554.1376,36593000000.0,0.0005860313174888641,0.0355320875984894,True,2014-03-28,2014-03-31,2014-06-30,0
17436,BASF SE,2014-05-16,2.25,-1.1198409374032309e-06,0.0009504681754244298,0.001347221109890814,112189568391.06285,36593000000.0,0.000587516215809567,0.03571072106701545,True,2014-03-28,2014-03-31,2014-06-30,0
17436,BASF SE,2014-05-23,2.25,-1.1198409374032309e-06,0.0009504681754244298,0.001347221109890814,112884455395.00206,36593000000.0,0.0005755278933638026,0.0357011479014462,True,2014-03-28,2014-03-31,2014-06-30,0
17436,BASF SE,2014-05-30,2.25,-1.1198409374032309e-06,0.0009504681754244298,0.001347221109890814,114165575114.53055,36593000000.0,0.000554291838517214,0.0355325614840252,True,2014-03-28,2014-03-31,2014-06-30,0
17436,BASF SE,2014-06-06,2.25,-1.1198409374032309e-06,0.0009504681754244298,0.001347221109890814,115446494957.46597,36593000000.0,0.0005341211793061977,0.03536624544854731,True,2014-03-28,2014-03-31,2014-06-30,0
17436,BASF SE,2014-06-13,2.25,-1.1198409374032309e-06,0.0009504681754244298,0.001347221109890814,115130592481.49472,36593000000.0,0.000539000751398392,0.03577628662987029,True,2014-03-28,2014-03-31,2014-06-30,0
17436,BASF SE,2014-06-20,2.25,-1.1198409374032309e-06,0.0009504681754244298,0.001347221109890814,116833720822.11789,36593000000.0,0.000513397161334866,0.03530853647124262,True,2014-03-28,2014-03-31,2014-06-30,0
17436,BASF SE,2014-06-27,2.25,-1.1198409374032309e-06,0.0009504681754244298,0.001347221109890814,114337656630.92783,36593000000.0,0.0005515218381718604,0.03586978339833688,True,2014-03-28,2014-03-31,2014-06-30,0
17436,BASF SE,2014-09-26,2.25,4.6396656480352996e-05,0.0008961153598846899,0.0007439848326021634,103823604477.34923,36593000000.0,0.0007963161280553608,0.016158084748951636,True,2014-09-26,2014-09-30,2014-12-31,1
17436,BASF SE,2014-10-03,2.25,4.6396656480352996e-05,0.0008961153598846899,0.0007439848326021634,101633257086.61449,36593000000.0,0.0008571579919847582,0.016519670827402473,True,2014-09-26,2014-09-30,2014-12-31,0
17436,BASF SE,2014-10-10,2.25,4.6396656480352996e-05,0.0008961153598846899,0.0007439848326021634,97776637046.32071,36593000000.0,0.0009808607122755878,0.017382360282588136,True,2014-09-26,2014-09-30,2014-12-31,0
17436,BASF SE,2014-10-17,2.25,4.6396656480352996e-05,0.0008961153598846899,0.0007439848326021634,100278761990.40904,36593000000.0,0.0008980210110879994,0.016726538013602004,True,2014-09-26,2014-09-30,2014-12-31,0
17436,BASF SE,2014-10-24,2.25,4.6396656480352996e-05,0.0008961153598846899,0.0007439848326021634,99792561141.47743,36593000000.0,0.0009133429053068707,0.016842479135451074,True,2014-09-26,2014-09-30,2014-12-31,0
17436,BASF SE,2014-10-31,2.25,4.6396656480352996e-05,0.0008961153598846899,0.0007439848326021634,101136770588.75763,36593000000.0,0.0008718333103010609,0.016613937459684213,True,2014-09-26,2014-09-30,2014-12-31,0
17436,BASF SE,2014-11-07,2.25,4.6396656480352996e-05,0.0008961153598846899,0.0007439848326021634,100880477810.43372,36593000000.0,0.0008795444253568002,0.016683943853865114,True,2014-09-26,2014-09-30,2014-12-31,0
17436,BASF SE,2014-11-14,2.25,4.6396656480352996e-05,0.0008961153598846899,0.0007439848326021634,100116371853.74046,36593000000.0,0.0009030988806240186,0.01681503779197091,True,2014-09-26,2014-09-30,2014-12-31,0
17436,BASF SE,2014-11-21,2.25,4.6396656480352996e-05,0.0008961153598846899,0.0007439848326021634,104355704672.35577,36593000000.0,0.0007824372293799,0.015880362929870443,True,2014-09-26,2014-09-30,2014-12-31,0
17436,BASF SE,2014-11-28,2.25,4.6396656480352996e-05,0.0008961153598846899,0.0007439848326021634,103674306195.23749,36593000000.0,0.0008002711088732212,0.015981241743611846,True,2014-09-26,2014-09-30,2014-12-31,0
17436,BASF SE,2014-12-05,2.25,4.6396656480352996e-05,0.0008961153598846899,0.0007439848326021634,104857823304.5084,36593000000.0,0.0007696436973090827,0.015731014136863664,True,2014-09-26,2014-09-30,2014-12-31,0
17436,BASF SE,2014-12-12,2.25,4.6396656480352996e-05,0.0008961153598846899,0.0007439848326021634,100137700681.62596,36593000000.0,0.0009024296867327717,0.016696973091707916,True,2014-09-26,2014-09-30,2014-12-31,0
17436,BASF SE,2014-12-19,2.25,4.6396656480352996e-05,0.0008961153598846899,0.0007439848326021634,100472890260.79227,36593000000.0,0.000892002125795487,0.016707683621278314,True,2014-09-26,2014-09-30,2014-12-31,0
17436,BASF SE,2014-12-26,2.25,4.6396656480352996e-05,0.0008961153598846899,0.0007439848326021634,101843238165.82497,36593000000.0,0.000851053515251792,0.016453401600020953,True,2014-09-26,2014-09-30,2014-12-31,0
17452,DANONE SA,2014-03-28,2.25,0.0001641755032353108,0.0008551464714037764,0.0006160802091530788,53086547239.75778,20199000000.0,0.0010108776818073923,0.01273973533711007,True,2014-03-28,2014-03-31,2014-06-30,1
17452,DANONE SA,2014-04-04,2.25,0.0001641755032353108,0.0008551464714037764,0.0006160802091530788,52729157220.744995,20199000000.0,0.0010353214776999734,0.012753939700457455,True,2014-03-28,2014-03-31,2014-06-30,0
17452,DANONE SA,2014-04-11,2.25,0.0001641755032353108,0.0008551464714037764,0.0006160802091530788,53425818252.11939,20199000000.0,0.0009884025233521554,0.012572534680749913,True,2014-03-28,2014-03-31,2014-06-30,0
17452,DANONE SA,2014-04-18,2.25,0.0001641755032353108,0.0008551464714037764,0.0006160802091530788,53440855146.71679,20199000000.0,0.0009874223877165513,0.012638000398477145,True,2014-03-28,2014-03-31,2014-06-30,0
17452,DANONE SA,2014-04-25,2.25,0.0001641755032353108,0.0008551464714037764,0.0006160802091530788,53039022541.67125,20199000000.0,0.001014082016288715,0.012658479141887792,True,2014-03-28,2014-03-31,2014-06-30,0
17452,DANONE SA,2014-05-02,2.25,0.0001641755032353108,0.0008551464714037764,0.0006160802091530788,53214659437.06814,20199000000.0,0.0010023089258312454,0.012748944768977378,True,2014-03-28,2014-03-31,2014-06-30,0
17452,DANONE SA,2014-05-09,2.25,0.0001641755032353108,0.0008551464714037764,0.0006160802091530788,53173344652.671486,20199000000.0,0.0010050612916931941,0.012848611494144692,True,2014-03-28,2014-03-31,2014-06-30,0
17452,DANONE SA,2014-05-16,2.25,0.0001641755032353108,0.0008551464714037764,0.0006160802091530788,54925067667.76027,20199000000.0,0.0008969064416693342,0.012344059186193714,True,2014-03-28,2014-03-31,2014-06-30,0
17452,DANONE SA,2014-05-23,2.25,0.0001641755032353108,0.0008551464714037764,0.0006160802091530788,54221643699.269264,20199000000.0,0.0009383143708738853,0.012682041851612038,True,2014-03-28,2014-03-31,2014-06-30,0
17452,DANONE SA,2014-05-30,2.25,0.0001641755032353108,0.0008551464714037764,0.0006160802091530788,54665811011.40024,20199000000.0,0.0009118695952183934,0.01260029417988866,True,2014-03-28,2014-03-31,2014-06-30,0
17452,DANONE SA,2014-06-06,2.25,0.0001641755032353108,0.0008551464714037764,0.0006160802091530788,55037091912.1471,20199000000.0,0.0008905453924067788,0.012542858792630214,True,2014-03-28,2014-03-31,2014-06-30,0
17452,DANONE SA,2014-06-13,2.25,0.0001641755032353108,0.0008551464714037764,0.0006160802091530788,54433651177.38827,20199000000.0,0.0009255620235321041,0.01299053432260896,True,2014-03-28,2014-03-31,2014-06-30,0
17452,DANONE SA,2014-06-20,2.25,0.0001641755032353108,0.0008551464714037764,0.0006160802091530788,54977980824.84134,20199000000.0,0.0008938941179159953,0.012716929242002515,True,2014-03-28,2014-03-31,2014-06-30,0
17452,DANONE SA,2014-06-27,2.25,0.0002159148892462752,0.0007563128927939285,0.0014113539082450822,55288214181.44289,20199000000.0,0.0006643161470820494,0.047433881287761465,True,2014-06-27,2014-06-30,2014-09-30,1
17452,DANONE SA,2014-07-04,2.25,0.0002159148892462752,0.0007563128927939285,0.0014113539082450822,55900932801.07118,20199000000.0,0.00063960940599424,0.04717092095410213,True,2014-06-27,2014-06-30,2014-09-30,0
17452,DANONE SA,2014-07-11,2.25,0.0002159148892462752,0.0007563128927939285,0.0014113539082450822,55341833381.696976,20199000000.0,0.0006621021487828935,0.047407988131005274,True,2014-06-27,2014-06-30,2014-09-30,0
17452,DANONE SA,2014-07-18,2.25,0.0002159148892462752,0.0007563128927939285,0.0014113539082450822,56383140915.746155,20199000000.0,0.0006210458601933225,0.04697245292684435,True,2014-06-27,2014-06-30,2014-09-30,0
17452,DANONE SA,2014-07-25,2.25,0.0002159148892462752,0.0007563128927939285,0.0014113539082450822,55651379141.99873,20199000000.0,0.0006495170343804124,0.0472758997992636,True,2014-06-27,2014-06-30,2014-09-30,0
17452,DANONE SA,2014-08-01,2.25,0.0002159148892462752,0.0007563128927939285,0.0014113539082450822,54962699959.02653,20199000000.0,0.0006779780755357312,0.04757228690528063,True,2014-06-27,2014-06-30,2014-09-30,0
17452,DANONE SA,2014-08-08,2.25,0.0002159148892462752,0.0007563128927939285,0.0014113539082450822,54415583566.215775,20199000000.0,0.0007018256414958492,0.047814434751559366,True,2014-06-27,2014-06-30,2014-09-30,0
17452,DANONE SA,2014-08-15,2.25,0.0002159148892462752,0.0007563128927939285,0.0014113539082450822,54267422328.17174,20199000000.0,0.0007084819143607305,0.047881064309754216,True,2014-06-27,2014-06-30,2014-09-30,0
17452,DANONE SA,2014-08-22,2.25,0.0002159148892462752,0.0007563128927939285,0.0014113539082450822,54145775156.58857,20199000000.0,0.0007140121283270239,0.047936113314862056,True,2014-06-27,2014-06-30,2014-09-30,0
17452,DANONE SA,2014-08-29,2.25,0.0002159148892462752,0.0007563128927939285,0.0014113539082450822,54421291929.5546,20199000000.0,0.0007015709128491113,0.047811876762266656,True,2014-06-27,2014-06-30,2014-09-30,0
17452,DANONE SA,2014-09-05,2.25,0.0002159148892462752,0.0007563128927939285,0.0014113539082450822,55595549405.60194,20199000000.0,0.0006517624174732601,0.04729958701932976,True,2014-06-27,2014-06-30,2014-09-30,0
17452,DANONE SA,2014-09-12,2.25,0.0002159148892462752,0.0007563128927939285,0.0014113539082450822,55090682162.4376,20199000000.0,0.0006725609221229439,0.047516510212260485,True,2014-06-27,2014-06-30,2014-09-30,0
17452,DANONE SA,2014-09-19,2.25,0.0002159148892462752,0.0007563128927939285,0.0014113539082450822,54737620652.27314,20199000000.0,0.0006876516878842197,0.047671170965802735,True,2014-06-27,2014-06-30,2014-09-30,0
17452,DANONE SA,2014-09-26,2.25,0.0002356543797091676,0.0007444521573608857,0.00130368872382572,53875601621.170784,20199000000.0,0.0007281778240085315,0.04395490779491351,True,2014-09-26,2014-09-30,2014-12-31,1
17452,DANONE SA,2014-10-03,2.25,0.0002356543797091676,0.0007444521573608857,0.00130368872382572,53692928710.62289,20199000000.0,0.0007368333698728735,0.0439264308285672,True,2014-09-26,2014-09-30,2014-12-31,0
17452,DANONE SA,2014-10-10,2.25,0.0002356543797091676,0.0007444521573608857,0.00130368872382572,52914487123.4557,20199000000.0,0.0007753496633807497,0.044317482435108135,True,2014-09-26,2014-09-30,2014-12-31,0
17452,DANONE SA,2014-10-17,2.25,0.0002356543797091676,0.0007444521573608857,0.00130368872382572,52988804528.74826,20199000000.0,0.0007715544879137452,0.04414516113280176,True,2014-09-26,2014-09-30,2014-12-31,0
17452,DANONE SA,2014-10-24,2.25,0.0002356543797091676,0.0007444521573608857,0.00130368872382572,52789556261.41098,20199000000.0,0.0007817876526989609,0.04425585408693169,True,2014-09-26,2014-09-30,2014-12-31,0
17452,DANONE SA,2014-10-31,2.25,0.0002356543797091676,0.0007444521573608857,0.00130368872382572,55121866537.57795,20199000000.0,0.0006727006026397095,0.043276180228890446,True,2014-09-26,2014-09-30,2014-12-31,0
17452,DANONE SA,2014-11-07,2.25,0.0002356543797091676,0.0007444521573608857,0.00130368872382572,54658822742.79602,20199000000.0,0.0006926109540453643,0.043500720721864485,True,2014-09-26,2014-09-30,2014-12-31,0
17452,DANONE SA,2014-11-14,2.25,0.0002356543797091676,0.0007444521573608857,0.00130368872382572,55192193829.3842,20199000000.0,0.0006697457364350608,0.0432230786586578,True,2014-09-26,2014-09-30,2014-12-31,0
17452,DANONE SA,2014-11-21,2.25,0.0002356543797091676,0.0007444521573608857,0.00130368872382572,56265097117.75741,20199000000.0,0.0006267991313117872,0.042668841409375734,True,2014-09-26,2014-09-30,2014-12-31,0
17452,DANONE SA,2014-11-28,2.25,0.0002356543797091676,0.0007444521573608857,0.00130368872382572,56746989351.14537,20199000000.0,0.0006087384965969995,0.04242908287314755,True,2014-09-26,2014-09-30,2014-12-31,0
17452,DANONE SA,2014-12-05,2.25,0.0002356543797091676,0.0007444521573608857,0.00130368872382572,56907208499.16348,20199000000.0,0.0006028923396058103,0.04233108263106223,True,2014-09-26,2014-09-30,2014-12-31,0
17452,DANONE SA,2014-12-12,2.25,0.0002356543797091676,0.0007444521573608857,0.00130368872382572,54873299312.36772,20199000000.0,0.0006832893054093615,0.04320121708268756,True,2014-09-26,2014-09-30,2014-12-31,0
17452,DANONE SA,2014-12-19,2.25,0.0002356543797091676,0.0007444521573608857,0.00130368872382572,55056065592.334435,20199000000.0,0.0006754815568197343,0.04323840494434067,True,2014-09-26,2014-09-30,2014-12-31,0
17452,DANONE SA,2014-12-26,2.25,0.0002356543797091676,0.0007444521573608857,0.00130368872382572,55185825663.00908,20199000000.0,0.0006700125646818824,0.04322906575147497,True,2014-09-26,2014-09-30,2014-12-31,0
19349,SIEMENS AG,2014-03-28,2.25,7.499857603300777e-05,0.0004962430706254036,0.001236046251039421,160428938029.19366,73311000000.0,0.0009753468178078664,,False,2014-03-28,2014-03-31,2014-06-30,1
19349,SIEMENS AG,2014-09-26,2.25,5.853268178922698e-05,0.0004642456466573711,0.0010152861328883995,156115234993.23187,73311000000.0,0.0010523963019297734,,False,2014-09-26,2014-09-30,2014-12-31,1
201794,ENEL SPA,2014-03-28,2.25,0.0004702281110042002,0.00013126329126583486,0.001117755946281456,157062780785.6614,118498000000.0,0.002361434015168699,,False,2014-03-28,2014-03-31,2014-06-30,1
201794,ENEL SPA,2014-06-27,2.25,-0.0008782696888565526,0.0002073262083856691,0.0007638374648677769,150685508809.04352,111309000000.0,0.0037063584325460444,,False,2014-06-27,2014-06-30,2014-09-30,1
201794,ENEL SPA,2014-09-26,2.25,-0.0008203560353801194,0.00021152731105349197,0.0006294711722087585,150814629820.0459,111309000000.0,0.003917664952669199,,False,2014-09-26,2014-09-30,2014-12-31,1
220940,ORANGE SA,2014-03-28,2.25,-0.0004409077443550511,0.0003305517003095401,-0.0008375762658716586,87807991355.76425,59499000000.0,0.005885219310154911,,False,2014-03-28,2014-03-31,2014-06-30,1
220940,ORANGE SA,2014-06-27,2.25,-0.0003820260140756863,0.0003466924996987442,-0.0003936306966913527,90154115800.00252,59499000000.0,0.0047251014038422485,0.0024631740050864936,True,2014-06-27,2014-06-30,2014-09-30,1
220940,ORANGE SA,2014-07-04,2.25,-0.0003820260140756863,0.0003466924996987442,-0.0003936306966913527,89839537536.20323,59499000000.0,0.004812831637417014,0.002522413310974703,True,2014-06-27,2014-06-30,2014-09-30,0
220940,ORANGE SA,2014-07-11,2.25,-0.0003820260140756863,0.0003466924996987442,-0.0003936306966913527,89405415971.38138,59499000000.0,0.0049378111009293615,0.002606061231366405,True,2014-06-27,2014-06-30,2014-09-30,0
220940,ORANGE SA,2014-07-18,2.25,-0.0003820260140756863,0.0003466924996987442,-0.0003936306966913527,89903886580.97409,59499000000.0,0.004794695736800544,0.0025093030906986292,True,2014-06-27,2014-06-30,2014-09-30,0
220940,ORANGE SA,2014-07-25,2.25,-0.0003820260140756863,0.0003466924996987442,-0.0003936306966913527,90334074085.16325,59499000000.0,0.004675948221106852,0.002436752055515109,True,2014-06-27,2014-06-30,2014-09-30,0
220940,ORANGE SA,2014-08-01,2.25,-0.0003820260140756863,0.0003466924996987442,-0.0003936306966913527,89844555370.49529,59499000000.0,0.004811413873260391,0.0025250595674408917,True,2014-06-27,2014-06-30,2014-09-30,0
220940,ORANGE SA,2014-08-08,2.25,-0.0003820260140756863,0.0003466924996987442,-0.0003936306966913527,88176072194.82748,59499000000.0,0.005318284786633534,0.0028587612421664067,True,2014-06-27,2014-06-30,2014-09-30,0
220940,ORANGE SA,2014-08-15,2.25,-0.0003820260140756863,0.0003466924996987442,-0.0003936306966913527,88785053440.99005,59499000000.0,0.005124700902892928,0.002730406767659024,True,2014-06-27,2014-06-30,2014-09-30,0
220940,ORANGE SA,2014-08-22,2.25,-0.0003820260140756863,0.0003466924996987442,-0.0003936306966913527,89290324988.55302,59499000000.0,0.004971730515630671,0.0026312921639656418,True,2014-06-27,2014-06-30,2014-09-30,0
220940,ORANGE SA,2014-08-29,2.25,-0.0003820260140756863,0.0003466924996987442,-0.0003936306966913527,90047106751.29805,59499000000.0,0.004754683474039342,0.0025005290767593368,True,2014-06-27,2014-06-30,2014-09-30,0
220940,ORANGE SA,2014-09-05,2.25,-0.0003820260140756863,0.0003466924996987442,-0.0003936306966913527,89636533627.64883,59499000000.0,0.004870698909182197,0.0025968202513042982,True,2014-06-27,2014-06-30,2014-09-30,0
220940,ORANGE SA,2014-09-12,2.25,-0.0003820260140756863,0.0003466924996987442,-0.0003936306966913527,90462951358.9394,59499000000.0,0.004641198893733091,0.0024403607534138863,True,2014-06-27,2014-06-30,2014-09-30,0
220940,ORANGE SA,2014-09-19,2.25,-0.0003820260140756863,0.0003466924996987442,-0.0003936306966913527,90280545983.00693,59499000000.0,0.00469049136564112,0.002474780529706728,True,2014-06-27,2014-06-30,2014-09-30,0
220940,ORANGE SA,2014-09-26,2.25,-0.0004231972867726155,0.0003309516158189311,-0.00012613711299703945,90176541315.10811,59499000000.0,0.004183214132761673,0.0037336122624783055,True,2014-09-26,2014-09-30,2014-12-31,1
220940,ORANGE SA,2014-10-03,2.25,-0.0004231972867726155,0.0003309516158189311,-0.00012613711299703945,89520462012.66754,59499000000.0,0.004344480025873181,0.00385251364028351,True,2014-09-26,2014-09-30,2014-12-31,0
220940,ORANGE SA,2014-10-10,2.25,-0.0004231972867726155,0.0003309516158189311,-0.00012613711299703945,88171140945.91664,59499000000.0,0.004705551369696958,0.0041946754594665734,True,2014-09-26,2014-09-30,2014-12-31,0
220940,ORANGE SA,2014-10-17,2.25,-0.0004231972867726155,0.0003309516158189311,-0.00012613711299703945,87751910494.68657,59499000000.0,0.004826566443644103,0.004267124127896808,True,2014-09-26,2014-09-30,2014-12-31,0
220940,ORANGE SA,2014-10-24,2.25,-0.0004231972867726155,0.0003309516158189311,-0.00012613711299703945,90216337869.69577,59499000000.0,0.004173710663354988,0.0036690221738391853,True,2014-09-26,2014-09-30,2014-12-31,0
220940,ORANGE SA,2014-10-31,2.25,-0.0004231972867726155,0.0003309516158189311,-0.00012613711299703945,93228075552.74097,59499000000.0,0.0035356672280698865,0.003103391800919817,True,2014-09-26,2014-09-30,2014-12-31,0
220940,ORANGE SA,2014-11-07,2.25,-0.0004231972867726155,0.0003309516158189311,-0.00012613711299703945,92302398561.60793,59499000000.0,0.0037159593242234515,0.0032746532339105253,True,2014-09-26,2014-09-30,2014-12-31,0
220940,ORANGE SA,2014-11-14,2.25,-0.0004231972867726155,0.0003309516158189311,-0.00012613711299703945,93319343683.19754,59499000000.0,0.0035185729456361885,0.003082297792770028,True,2014-09-26,2014-09-30,2014-12-31,0
220940,ORANGE SA,2014-11-21,2.25,-0.0004231972867726155,0.0003309516158189311,-0.00012613711299703945,95842462354.68968,59499000000.0,0.0030891511807181905,0.0026673712063286087,True,2014-09-26,2014-09-30,2014-12-31,0
220940,ORANGE SA,2014-11-28,2.25,-0.0004231972867726155,0.0003309516158189311,-0.00012613711299703945,97058146068.23543,59499000000.0,0.002908560667104488,0.002494801359601651,True,2014-09-26,2014-09-30,2014-12-31,0
220940,ORANGE SA,2014-12-05,2.25,-0.0004231972867726155,0.0003309516158189311,-0.00012613711299703945,98512886092.69699,59499000000.0,0.0027115570312179903,0.00231077832837648,True,2014-09-26,2014-09-30,2014-12-31,0
220940,ORANGE SA,2014-12-12,2.25,-0.0004231972867726155,0.0003309516158189311,-0.00012613711299703945,95415085053.34825,59499000000.0,0.003156433172324028,0.0027163359182440752,True,2014-09-26,2014-09-30,2014-12-31,0
220940,ORANGE SA,2014-12-19,2.25,-0.0004231972867726155,0.0003309516158189311,-0.00012613711299703945,97276682237.83023,59499000000.0,0.002877695692611178,0.0024881587996783755,True,2014-09-26,2014-09-30,2014-12-31,0
220940,ORANGE SA,2014-12-26,2.25,-0.0004231972867726155,0.0003309516158189311,-0.00012613711299703945,97941854145.66107,59499000000.0,0.002786561378799561,0.0024148751963696344,True,2014-09-26,2014-09-30,2014-12-31,0
221244,ADIDAS AG,2014-03-28,2.25,5.271792159356716e-05,0.0008588829419022067,0.0020121950298428713,22543611009.875618,6118000000.0,0.000257818232148505,,False,2014-03-28,2014-03-31,2014-06-30,1
221244,ADIDAS AG,2014-06-27,2.25,4.673532902427296e-05,0.0008697797983177768,0.0018004313804602392,21533820999.454384,6118000000.0,0.0003136100299196451,,False,2014-06-27,2014-06-30,2014-09-30,1
221244,ADIDAS AG,2014-09-26,2.25,-0.00021628068304153643,0.0014036684343157269,-0.000310257101882218,18789749947.99893,6118000000.0,0.0012129046492402628,0.0013085801298333719,True,2014-09-26,2014-09-30,2014-12-31,1
221244,ADIDAS AG,2014-10-03,2.25,-0.00021628068304153643,0.0014036684343157269,-0.000310257101882218,18481471850.155346,6118000000.0,0.0012835321854505698,0.0013769765532752256,True,2014-09-26,2014-09-30,2014-12-31,0
221244,ADIDAS AG,2014-10-10,2.25,-0.00021628068304153643,0.0014036684343157269,-0.000310257101882218,17663602160.77005,6118000000.0,0.0015006146417329744,0.001607615606965451,True,2014-09-26,2014-09-30,2014-12-31,0
221244,ADIDAS AG,2014-10-17,2.25,-0.00021628068304153643,0.0014036684343157269,-0.000310257101882218,17553919974.79711,6118000000.0,0.0015334895129237537,0.0016332639874343901,True,2014-09-26,2014-09-30,2014-12-31,0
221244,ADIDAS AG,2014-10-24,2.25,-0.00021628068304153643,0.0014036684343157269,-0.000310257101882218,18198404948.01923,6118000000.0,0.0013534620529552434,0.001445040271402961,True,2014-09-26,2014-09-30,2014-12-31,0
221244,ADIDAS AG,2014-10-31,2.25,-0.00021628068304153643,0.0014036684343157269,-0.000310257101882218,18267986407.17088,6118000000.0,0.00133579568184431,0.0014313774107760197,True,2014-09-26,2014-09-30,2014-12-31,0
221244,ADIDAS AG,2014-11-07,2.25,-0.00021628068304153643,0.0014036684343157269,-0.000310257101882218,18577773700.034134,6118000000.0,0.0012608750422812675,0.0013535922976783943,True,2014-09-26,2014-09-30,2014-12-31,0
221244,ADIDAS AG,2014-11-14,2.25,-0.00021628068304153643,0.0014036684343157269,-0.000310257101882218,19324379784.2307,6118000000.0,0.0011025503088684155,0.001183801464490913,True,2014-09-26,2014-09-30,2014-12-31,0
221244,ADIDAS AG,2014-11-21,2.25,-0.00021628068304153643,0.0014036684343157269,-0.000310257101882218,19871850951.526306,6118000000.0,0.0010033604120738297,0.0010739387762619841,True,2014-09-26,2014-09-30,2014-12-31,0
221244,ADIDAS AG,2014-11-28,2.25,-0.00021628068304153643,0.0014036684343157269,-0.000310257101882218,19616318927.556335,6118000000.0,0.0010480608465557653,0.0011189043420138823,True,2014-09-26,2014-09-30,2014-12-31,0
221244,ADIDAS AG,2014-12-05,2.25,-0.00021628068304153643,0.0014036684343157269,-0.000310257101882218,18766680453.129776,6118000000.0,0.0012180022995647748,0.0012957370838464373,True,2014-09-26,2014-09-30,2014-12-31,0
221244,ADIDAS AG,2014-12-12,2.25,-0.00021628068304153643,0.0014036684343157269,-0.000310257101882218,18101516408.36117,6118000000.0,0.001378601221672183,0.0014654505757799178,True,2014-09-26,2014-09-30,2014-12-31,0
221244,ADIDAS AG,2014-12-19,2.25,-0.00021628068304153643,0.0014036684343157269,-0.000310257101882218,17964192310.340836,6118000000.0,0.0014153452104911316,0.0015111627785812766,True,2014-09-26,2014-09-30,2014-12-31,0
221244,ADIDAS AG,2014-12-26,2.25,-0.00021628068304153643,0.0014036684343157269,-0.000310257101882218,17993785968.686764,6118000000.0,0.0014073139064041313,0.0015055917152400776,True,2014-09-26,2014-09-30,2014-12-31,0
221616,DEUTSCHE TELEKOM,2014-03-28,2.25,0.00030295678778026155,0.00032928346367217594,0.0012469547131328034,138298671318.24042,86085000000.0,0.002230508693207578,,False,2014-03-28,2014-03-31,2014-06-30,1
221616,DEUTSCHE TELEKOM,2014-09-26,2.25,0.0001778010025725764,0.0003414974739119012,0.0011960175773558855,140412071418.4859,86085000000.0,0.0021900990105565643,,False,2014-09-26,2014-09-30,2014-12-31,1
222379,KERING SA,2014-03-28,2.25,9.2380110096938e-05,0.0007733748037642587,0.0007416161640160873,31793363425.484325,13137800000.0,0.0011894355119483255,0.01955776044153366,True,2014-03-28,2014-03-31,2014-06-30,1
222379,KERING SA,2014-04-04,2.25,9.2380110096938e-05,0.0007733748037642587,0.0007416161640160873,31740261721.377296,13137800000.0,0.0011966772993028609,0.01944854168589715,True,2014-03-28,2014-03-31,2014-06-30,0
222379,KERING SA,2014-04-11,2.25,9.2380110096938e-05,0.0007733748037642587,0.0007416161640160873,31640926021.46143,13137800000.0,0.0012103884631626549,0.019623357561505423,True,2014-03-28,2014-03-31,2014-06-30,0
222379,KERING SA,2014-04-18,2.25,9.2380110096938e-05,0.0007733748037642587,0.0007416161640160873,30493446650.375523,11614900000.0,0.0008887631006931293,0.01769654958358382,True,2014-03-28,2014-03-31,2014-06-30,0
222379,KERING SA,2014-04-25,2.25,9.2380110096938e-05,0.0007733748037642587,0.0007416161640160873,31671202910.059032,11614900000.0,0.0007781953305779824,0.016758735652669304,True,2014-03-28,2014-03-31,2014-06-30,0
222379,KERING SA,2014-05-02,2.25,9.2380110096938e-05,0.0007733748037642587,0.0007416161640160873,31611113771.09086,11614900000.0,0.0007833637868019578,0.016983189276734076,True,2014-03-28,2014-03-31,2014-06-30,0
222379,KERING SA,2014-05-09,2.25,9.2380110096938e-05,0.0007733748037642587,0.0007416161640160873,31297667171.75217,11614900000.0,0.0008111050837933194,0.01728762853749003,True,2014-03-28,2014-03-31,2014-06-30,0
222379,KERING SA,2014-05-16,2.25,9.2380110096938e-05,0.0007733748037642587,0.0007416161640160873,32120331983.711876,11614900000.0,0.0007410108839158905,0.016900914075651283,True,2014-03-28,2014-03-31,2014-06-30,0
222379,KERING SA,2014-05-23,2.25,9.2380110096938e-05,0.0007733748037642587,0.0007416161640160873,31730932866.97654,11614900000.0,0.0007731041693977907,0.01726211498953996,True,2014-03-28,2014-03-31,2014-06-30,0
222379,KERING SA,2014-05-30,2.25,9.2380110096938e-05,0.0007733748037642587,0.0007416161640160873,32073160875.712288,11614900000.0,0.0007447998570274547,0.017135184532998324,True,2014-03-28,2014-03-31,2014-06-30,0
222379,KERING SA,2014-06-06,2.25,9.2380110096938e-05,0.0007733748037642587,0.0007416161640160873,31771553354.97815,11614900000.0,0.0007696679856903921,0.01740770748265718,True,2014-03-28,2014-03-31,2014-06-30,0
222379,KERING SA,2014-06-13,2.25,9.2380110096938e-05,0.0007733748037642587,0.0007416161640160873,32104432606.783638,11614900000.0,0.000742285016102053,0.017490797154011403,True,2014-03-28,2014-03-31,2014-06-30,0
222379,KERING SA,2014-06-20,2.25,9.2380110096938e-05,0.0007733748037642587,0.0007416161640160873,32241621549.12433,11614900000.0,0.0007313894082260149,0.017302410193684677,True,2014-03-28,2014-03-31,2014-06-30,0
222379,KERING SA,2014-06-27,2.25,5.206219438420094e-05,0.0007488290963371425,0.0014456016320302343,31768957336.949768,11614900000.0,0.0006549587901916146,,False,2014-06-27,2014-06-30,2014-09-30,1
222379,KERING SA,2014-09-26,2.25,3.837941334582826e-05,0.0007338694684790284,0.001159385437236005,31866866867.99273,11614900000.0,0.0006674483252584988,0.03675974721009165,True,2014-09-26,2014-09-30,2014-12-31,1
222379,KERING SA,2014-10-03,2.25,3.837941334582826e-05,0.0007338694684790284,0.001159385437236005,30748346483.877037,11614900000.0,0.0007556639682653694,0.03750598333136094,True,2014-09-26,2014-09-30,2014-12-31,0
222379,KERING SA,2014-10-10,2.25,3.837941334582826e-05,0.0007338694684790284,0.001159385437236005,30287922021.462883,11614900000.0,0.0007966614609689709,0.03790679816191892,True,2014-09-26,2014-09-30,2014-12-31,0
222379,KERING SA,2014-10-17,2.25,3.837941334582826e-05,0.0007338694684790284,0.001159385437236005,30254675357.17464,11614900000.0,0.000799739338336561,0.03780078099694407,True,2014-09-26,2014-09-30,2014-12-31,0
222379,KERING SA,2014-10-24,2.25,3.837941334582826e-05,0.0007338694684790284,0.001159385437236005,30015026875.25138,11614900000.0,0.0008224172500814871,0.038017806456093,True,2014-09-26,2014-09-30,2014-12-31,0
222379,KERING SA,2014-10-31,2.25,3.837941334582826e-05,0.0007338694684790284,0.001159385437236005,31057448301.232,11614900000.0,0.0007297547390584513,0.03724890459110598,True,2014-09-26,2014-09-30,2014-12-31,0
222379,KERING SA,2014-11-07,2.25,3.837941334582826e-05,0.0007338694684790284,0.001159385437236005,31493220901.121643,11614900000.0,0.0006952616486609772,0.03693692737209992,True,2014-09-26,2014-09-30,2014-12-31,0
222379,KERING SA,2014-11-14,2.25,3.837941334582826e-05,0.0007338694684790284,0.001159385437236005,31808234073.451786,11614900000.0,0.0006717103016099456,0.03665834985384151,True,2014-09-26,2014-09-30,2014-12-31,0
222379,KERING SA,2014-11-21,2.25,3.837941334582826e-05,0.0007338694684790284,0.001159385437236005,31977362402.19091,11614900000.0,0.0006595170448483563,0.03643390421928875,True,2014-09-26,2014-09-30,2014-12-31,0
222379,KERING SA,2014-11-28,2.25,3.837941334582826e-05,0.0007338694684790284,0.001159385437236005,32589029745.857235,11614900000.0,0.0006178760003958681,0.03595816005406368,True,2014-09-26,2014-09-30,2014-12-31,0
222379,KERING SA,2014-12-05,2.25,3.837941334582826e-05,0.0007338694684790284,0.001159385437236005,32512872746.22796,11614900000.0,0.0006228598803615555,0.035977923262406154,True,2014-09-26,2014-09-30,2014-12-31,0
222379,KERING SA,2014-12-12,2.25,3.837941334582826e-05,0.0007338694684790284,0.001159385437236005,31269781302.106007,11614900000.0,0.0007126605466417671,0.036906357968515754,True,2014-09-26,2014-09-30,2014-12-31,0
222379,KERING SA,2014-12-19,2.25,3.837941334582826e-05,0.0007338694684790284,0.001159385437236005,31271221459.9832,11614900000.0,0.0007125464952017944,0.03701896778433797,True,2014-09-26,2014-09-30,2014-12-31,0
222379,KERING SA,2014-12-26,2.25,3.837941334582826e-05,0.0007338694684790284,0.001159385437236005,31833520147.62642,11614900000.0,0.0006698676958816808,0.03664296470166305,True,2014-09-26,2014-09-30,2014-12-31,0
23667,KONINKLIJKE AHOLD DELHAIZE,2014-03-28,2.25,-0.000236806484959371,0.0006469964273497524,0.0009434841782094564,22642742787.09624,8622000000.0,0.0007060775792514778,0.028143401013142964,True,2014-03-28,2014-03-31,2014-06-30,1
23667,KONINKLIJKE AHOLD DELHAIZE,2014-04-04,2.25,-0.000236806484959371,0.0006469964273497524,0.0009434841782094564,22621441792.510296,8622000000.0,0.0007084179035871316,0.0279862766413942,True,2014-03-28,2014-03-31,2014-06-30,0
23667,KONINKLIJKE AHOLD DELHAIZE,2014-04-11,2.25,-0.000236806484959371,0.0006469964273497524,0.0009434841782094564,22020207351.483784,8622000000.0,0.0007791315673644576,0.02869846964447749,True,2014-03-28,2014-03-31,2014-06-30,0
23667,KONINKLIJKE AHOLD DELHAIZE,2014-04-18,2.25,-0.000236806484959371,0.0006469964273497524,0.0009434841782094564,22319947576.577446,8622000000.0,0.0007427198484126032,0.028501023602736392,True,2014-03-28,2014-03-31,2014-06-30,0
23667,KONINKLIJKE AHOLD DELHAIZE,2014-04-25,2.25,-0.000236806484959371,0.0006469964273497524,0.0009434841782094564,21901884945.23774,8622000000.0,0.0007941828371333143,0.028738719715282628,True,2014-03-28,2014-03-31,2014-06-30,0
23667,KONINKLIJKE AHOLD DELHAIZE,2014-05-02,2.25,-0.000236806484959371,0.0006469964273497524,0.0009434841782094564,22051035877.45428,8622000000.0,0.0007752746061902927,0.02881735513245052,True,2014-03-28,2014-03-31,2014-06-30,0
23667,KONINKLIJKE AHOLD DELHAIZE,2014-05-09,2.25,-0.000236806484959371,0.0006469964273497524,0.0009434841782094564,22522354575.22208,8622000000.0,0.0007194461342948085,0.02847114849434026,True,2014-03-28,2014-03-31,2014-06-30,0
23667,KONINKLIJKE AHOLD DELHAIZE,2014-05-16,2.25,-0.000236806484959371,0.0006469964273497524,0.0009434841782094564,22568037929.882725,8622000000.0,0.0007143325024813666,0.02859420411129324,True,2014-03-28,2014-03-31,2014-06-30,0
23667,KONINKLIJKE AHOLD DELHAIZE,2014-05-23,2.25,-0.000236806484959371,0.0006469964273497524,0.0009434841782094564,22432345997.55327,8622000000.0,0.0007296698848368913,0.028875129569390687,True,2014-03-28,2014-03-31,2014-06-30,0
23667,KONINKLIJKE AHOLD DELHAIZE,2014-05-30,2.25,-0.000236806484959371,0.0006469964273497524,0.0009434841782094564,21674376631.51545,8622000000.0,0.0008242690756579999,0.029769457776551513,True,2014-03-28,2014-03-31,2014-06-30,0
23667,KONINKLIJKE AHOLD DELHAIZE,2014-06-06,2.25,-0.000236806484959371,0.0006469964273497524,0.0009434841782094564,21670477483.967785,8622000000.0,0.0008247982957098446,0.029878287123331033,True,2014-03-28,2014-03-31,2014-06-30,0
23667,KONINKLIJKE AHOLD DELHAIZE,2014-06-13,2.25,-0.000236806484959371,0.0006469964273497524,0.0009434841782094564,21757199543.73101,8622000000.0,0.0008131374261428622,0.03014918127870932,True,2014-03-28,2014-03-31,2014-06-30,0
23667,KONINKLIJKE AHOLD DELHAIZE,2014-06-20,2.25,-0.000236806484959371,0.0006469964273497524,0.0009434841782094564,22039982631.54246,8622000000.0,0.0007766544484471384,0.029720417510578304,True,2014-03-28,2014-03-31,2014-06-30,0
23667,KONINKLIJKE AHOLD DELHAIZE,2014-06-27,2.25,-0.00027297258484954766,0.000724034272643024,0.00045904639347576066,20826809951.91137,8622000000.0,0.0011767438013444457,0.010968506460627477,True,2014-06-27,2014-06-30,2014-09-30,1
23667,KONINKLIJKE AHOLD DELHAIZE,2014-07-04,2.25,-0.00027297258484954766,0.000724034272643024,0.00045904639347576066,21015104771.331306,8622000000.0,0.0011387473503809786,0.01083292545867486,True,2014-06-27,2014-06-30,2014-09-30,0
23667,KONINKLIJKE AHOLD DELHAIZE,2014-07-11,2.25,-0.00027297258484954766,0.000724034272643024,0.00045904639347576066,20545985567.383854,8622000000.0,0.001236736104781265,0.011293062193818815,True,2014-06-27,2014-06-30,2014-09-30,0
23667,KONINKLIJKE AHOLD DELHAIZE,2014-07-18,2.25,-0.00027297258484954766,0.000724034272643024,0.00045904639347576066,20643668491.69562,8622000000.0,0.0012153991691192362,0.01115168317471142,True,2014-06-27,2014-06-30,2014-09-30,0
23667,KONINKLIJKE AHOLD DELHAIZE,2014-07-25,2.25,-0.00027297258484954766,0.000724034272643024,0.00045904639347576066,20371807160.41696,8622000000.0,0.001276084108517488,0.011477558057061021,True,2014-06-27,2014-06-30,2014-09-30,0
23667,KONINKLIJKE AHOLD DELHAIZE,2014-08-01,2.25,-0.00027297258484954766,0.000724034272643024,0.00045904639347576066,20148289966.680977,8622000000.0,0.0013291549784393124,0.01170682769031111,True,2014-06-27,2014-06-30,2014-09-30,0
23667,KONINKLIJKE AHOLD DELHAIZE,2014-08-08,2.25,-0.00027297258484954766,0.000724034272643024,0.00045904639347576066,19866608020.735313,8622000000.0,0.0014004758001370742,0.012004727268045004,True,2014-06-27,2014-06-30,2014-09-30,0
23667,KONINKLIJKE AHOLD DELHAIZE,2014-08-15,2.25,-0.00027297258484954766,0.000724034272643024,0.00045904639347576066,20313756564.021507,8622000000.0,0.0012895819807310829,0.011540839209766254,True,2014-06-27,2014-06-30,2014-09-30,0
23667,KONINKLIJKE AHOLD DELHAIZE,2014-08-22,2.25,-0.00027297258484954766,0.000724034272643024,0.00045904639347576066,20179887997.664253,8622000000.0,0.0013214696998798147,0.011695844155262609,True,2014-06-27,2014-06-30,2014-09-30,0
23667,KONINKLIJKE AHOLD DELHAIZE,2014-08-29,2.25,-0.00027297258484954766,0.000724034272643024,0.00045904639347576066,20253625098.88266,8622000000.0,0.0013037724419056697,0.011778545504443344,True,2014-06-27,2014-06-30,2014-09-30,0
23667,KONINKLIJKE AHOLD DELHAIZE,2014-09-05,2.25,-0.00027297258484954766,0.000724034272643024,0.00045904639347576066,20042814642.414913,8622000000.0,0.001355260236647396,0.012276589048675509,True,2014-06-27,2014-06-30,2014-09-30,0
23667,KONINKLIJKE AHOLD DELHAIZE,2014-09-12,2.25,-0.00027297258484954766,0.000724034272643024,0.00045904639347576066,20108736076.875385,8622000000.0,0.001338862546499356,0.012122293717984619,True,2014-06-27,2014-06-30,2014-09-30,0
23667,KONINKLIJKE AHOLD DELHAIZE,2014-09-19,2.25,-0.00027297258484954766,0.000724034272643024,0.00045904639347576066,20328294630.08898,8622000000.0,0.0012861831692883162,0.011928886236918353,True,2014-06-27,2014-06-30,2014-09-30,0
23667,KONINKLIJKE AHOLD DELHAIZE,2014-09-26,2.25,-0.00028069209571851783,0.0007067220569171068,0.00029712838736950406,20055793507.329838,8622000000.0,0.0013590304139785934,0.007687311684600804,True,2014-09-26,2014-09-30,2014-12-31,1
23667,KONINKLIJKE AHOLD DELHAIZE,2014-10-03,2.25,-0.00028069209571851783,0.0007067220569171068,0.00029712838736950406,19777508629.702297,8622000000.0,0.0014317982334947131,0.007862348496001563,True,2014-09-26,2014-09-30,2014-12-31,0
23667,KONINKLIJKE AHOLD DELHAIZE,2014-10-10,2.25,-0.00028069209571851783,0.0007067220569171068,0.00029712838736950406,19513901929.91576,8622000000.0,0.001505789592766563,0.00810796720873923,True,2014-09-26,2014-09-30,2014-12-31,0
23667,KONINKLIJKE AHOLD DELHAIZE,2014-10-17,2.25,-0.00028069209571851783,0.0007067220569171068,0.00029712838736950406,19521591723.60293,8622000000.0,0.0015035571430363943,0.008028705458077526,True,2014-09-26,2014-09-30,2014-12-31,0
23667,KONINKLIJKE AHOLD DELHAIZE,2014-10-24,2.25,-0.00028069209571851783,0.0007067220569171068,0.00029712838736950406,19812402680.54806,8622000000.0,0.0014223829724854958,0.00778265645532769,True,2014-09-26,2014-09-30,2014-12-31,0
23667,KONINKLIJKE AHOLD DELHAIZE,2014-10-31,2.25,-0.00028069209571851783,0.0007067220569171068,0.00029712838736950406,20559965425.979843,8622000000.0,0.0012396611448125632,0.007231267440593753,True,2014-09-26,2014-09-30,2014-12-31,0
23667,KONINKLIJKE AHOLD DELHAIZE,2014-11-07,2.25,-0.00028069209571851783,0.0007067220569171068,0.00029712838736950406,20743519558.755276,8622000000.0,0.001199795604261813,0.007108431622791764,True,2014-09-26,2014-09-30,2014-12-31,0
23667,KONINKLIJKE AHOLD DELHAIZE,2014-11-14,2.25,-0.00028069209571851783,0.0007067220569171068,0.00029712838736950406,21056133430.25172,8622000000.0,0.001135871373589985,0.006868006966489244,True,2014-09-26,2014-09-30,2014-12-31,0
23667,KONINKLIJKE AHOLD DELHAIZE,2014-11-21,2.25,-0.00028069209571851783,0.0007067220569171068,0.00029712838736950406,21041766228.240326,8622000000.0,0.0011387048749715851,0.00682795507443501,True,2014-09-26,2014-09-30,2014-12-31,0
23667,KONINKLIJKE AHOLD DELHAIZE,2014-11-28,2.25,-0.00028069209571851783,0.0007067220569171068,0.00029712838736950406,21332031232.208237,8622000000.0,0.0010832951162176453,0.006615284038548431,True,2014-09-26,2014-09-30,2014-12-31,0
23667,KONINKLIJKE AHOLD DELHAIZE,2014-12-05,2.25,-0.00028069209571851783,0.0007067220569171068,0.00029712838736950406,21591088328.258415,8622000000.0,0.0010369358976132918,0.006436531380388228,True,2014-09-26,2014-09-30,2014-12-31,0
23667,KONINKLIJKE AHOLD DELHAIZE,2014-12-12,2.25,-0.00028069209571851783,0.0007067220569171068,0.00029712838736950406,20992060458.129402,8622000000.0,0.0011485834360130576,0.006834833014803728,True,2014-09-26,2014-09-30,2014-12-31,0
23667,KONINKLIJKE AHOLD DELHAIZE,2014-12-19,2.25,-0.00028069209571851783,0.0007067220569171068,0.00029712838736950406,21511865936.666153,8622000000.0,0.0010508177036917072,0.006550118865674268,True,2014-09-26,2014-09-30,2014-12-31,0
23667,KONINKLIJKE AHOLD DELHAIZE,2014-12-26,2.25,-0.00028069209571851783,0.0007067220569171068,0.00029712838736950406,21740358651.527824,8622000000.0,0.001011458944986285,0.0064310984945684675,True,2014-09-26,2014-09-30,2014-12-31,0
23671,NOKIA OYJ,2014-03-28,2.25,0.0006378262977396553,0.0019761124678677362,0.0007508965949323596,40591748196.62387,20502000000.0,0.007325220823928281,0.02773807302022444,True,2014-03-28,2014-03-31,2014-06-30,1
23671,NOKIA OYJ,2014-04-04,2.25,0.0006378262977396553,0.0019761124678677362,0.0007508965949323596,41205597705.97479,20502000000.0,0.006906003495372578,0.026620079937073056,True,2014-03-28,2014-03-31,2014-06-30,0
23671,NOKIA OYJ,2014-04-11,2.25,0.0006378262977396553,0.0019761124678677362,0.0007508965949323596,40758766571.65879,20502000000.0,0.007207741437963121,0.027416355766524802,True,2014-03-28,2014-03-31,2014-06-30,0
23671,NOKIA OYJ,2014-04-18,2.25,0.0006378262977396553,0.0019761124678677362,0.0007508965949323596,40386719718.869545,20502000000.0,0.007473096578998339,0.028115713542971415,True,2014-03-28,2014-03-31,2014-06-30,0
23671,NOKIA OYJ,2014-04-25,2.25,0.0006378262977396553,0.0019761124678677362,0.0007508965949323596,40157670815.646255,20502000000.0,0.007643237370336598,0.028398111781236378,True,2014-03-28,2014-03-31,2014-06-30,0
23671,NOKIA OYJ,2014-05-02,2.25,0.0006378262977396553,0.0019761124678677362,0.0007508965949323596,40443883620.62974,20502000000.0,0.007431454372220285,0.0280438467864202,True,2014-03-28,2014-03-31,2014-06-30,0
23671,NOKIA OYJ,2014-05-09,2.25,0.0006378262977396553,0.0019761124678677362,0.0007508965949323596,38252625665.76073,18531000000.0,0.006225113978257131,0.025168819766558114,True,2014-03-28,2014-03-31,2014-06-30,0
23671,NOKIA OYJ,2014-05-16,2.25,0.0006378262977396553,0.0019761124678677362,0.0007508965949323596,38293539293.43491,18531000000.0,0.006199486948925432,0.025202572924059717,True,2014-03-28,2014-03-31,2014-06-30,0
23671,NOKIA OYJ,2014-05-23,2.25,0.0006378262977396553,0.0019761124678677362,0.0007508965949323596,40169089085.45838,18531000000.0,0.005165674314696834,0.02258892223638431,True,2014-03-28,2014-03-31,2014-06-30,0
23671,NOKIA OYJ,2014-05-30,2.25,0.0006378262977396553,0.0019761124678677362,0.0007508965949323596,40714358849.161415,18531000000.0,0.004910128265184171,0.021953248322475496,True,2014-03-28,2014-03-31,2014-06-30,0
23671,NOKIA OYJ,2014-06-06,2.25,0.0006378262977396553,0.0019761124678677362,0.0007508965949323596,40398178695.032845,18531000000.0,0.005056122546413855,0.02240913838021315,True,2014-03-28,2014-03-31,2014-06-30,0
23671,NOKIA OYJ,2014-06-13,2.25,0.0006378262977396553,0.0019761124678677362,0.0007508965949323596,40761422606.38032,18531000000.0,0.004888896433404647,0.02214800418286618,True,2014-03-28,2014-03-31,2014-06-30,0
23671,NOKIA OYJ,2014-06-20,2.25,0.0006378262977396553,0.0019761124678677362,0.0007508965949323596,39991044158.50523,18531000000.0,0.00525309350404468,0.023072078183256982,True,2014-03-28,2014-03-31,2014-06-30,0
23671,NOKIA OYJ,2014-06-27,2.25,0.0009037095311863928,0.0017135978053892356,0.003175372785178766,39430408020.0387,18531000000.0,0.0029321778265309216,0.11553670036979,True,2014-06-27,2014-06-30,2014-09-30,1
23671,NOKIA OYJ,2014-07-04,2.25,0.0009037095311863928,0.0017135978053892356,0.003175372785178766,39562506866.066925,18531000000.0,0.002896909101027857,0.11535530404070074,True,2014-06-27,2014-06-30,2014-09-30,0
23671,NOKIA OYJ,2014-07-11,2.25,0.0009037095311863928,0.0017135978053892356,0.003175372785178766,39039124731.79535,18531000000.0,0.0030401841075312457,0.11632359126284296,True,2014-06-27,2014-06-30,2014-09-30,0
23671,NOKIA OYJ,2014-07-18,2.25,0.0009037095311863928,0.0017135978053892356,0.003175372785178766,39580648462.809944,18531000000.0,0.0028921112554609095,0.11529604682776909,True,2014-06-27,2014-06-30,2014-09-30,0
23671,NOKIA OYJ,2014-07-25,2.25,0.0009037095311863928,0.0017135978053892356,0.003175372785178766,41417678336.06382,18531000000.0,0.002457874876742346,0.11239697644114356,True,2014-06-27,2014-06-30,2014-09-30,0
23671,NOKIA OYJ,2014-08-01,2.25,0.0009037095311863928,0.0017135978053892356,0.003175372785178766,40425418372.29118,18531000000.0,0.0026803025347429976,0.11397627445827413,True,2014-06-27,2014-06-30,2014-09-30,0
23671,NOKIA OYJ,2014-08-08,2.25,0.0009037095311863928,0.0017135978053892356,0.003175372785178766,39919942123.34946,18531000000.0,0.0028043617484273444,0.11482204055237334,True,2014-06-27,2014-06-30,2014-09-30,0
23671,NOKIA OYJ,2014-08-15,2.25,0.0009037095311863928,0.0017135978053892356,0.003175372785178766,40238184920.29291,18531000000.0,0.002725356652394752,0.11428527147086304,True,2014-06-27,2014-06-30,2014-09-30,0
23671,NOKIA OYJ,2014-08-22,2.25,0.0009037095311863928,0.0017135978053892356,0.003175372785178766,41830425223.36469,18531000000.0,0.0023728179595759315,0.11181047158064258,True,2014-06-27,2014-06-30,2014-09-30,0
23671,NOKIA OYJ,2014-08-29,2.25,0.0009037095311863928,0.0017135978053892356,0.003175372785178766,42490500223.75847,18531000000.0,0.002245008233463864,0.11106964996691367,True,2014-06-27,2014-06-30,2014-09-30,0
23671,NOKIA OYJ,2014-09-05,2.25,0.0009037095311863928,0.0017135978053892356,0.003175372785178766,42667276219.18625,18531000000.0,0.00221239278255485,0.1112127541112751,True,2014-06-27,2014-06-30,2014-09-30,0
23671,NOKIA OYJ,2014-09-12,2.25,0.0009037095311863928,0.0017135978053892356,0.003175372785178766,43020564943.14868,18531000000.0,0.002149137722164811,0.1105982524970486,True,2014-06-27,2014-06-30,2014-09-30,0
23671,NOKIA OYJ,2014-09-19,2.25,0.0009037095311863928,0.0017135978053892356,0.003175372785178766,44070102881.100006,18531000000.0,0.00197528413618382,0.1092313973619592,True,2014-06-27,2014-06-30,2014-09-30,0
23671,NOKIA OYJ,2014-09-26,2.25,0.0006237276463861447,0.0016241447924226747,0.003727031957305228,43939702593.10938,18531000000.0,0.00169683349535372,,False,2014-09-26,2014-09-30,2014-12-31,1
61616,ENI SPA,2014-03-28,2.25,-0.00034139792576953396,0.00040326697321035903,-0.0006473969626832603,142919175154.86246,76928000000.0,0.002239985869775766,0.0008170304930308255,True,2014-03-28,2014-03-31,2014-06-30,1
61616,ENI SPA,2014-04-04,2.25,-0.00034139792576953396,0.00040326697321035903,-0.0006473969626832603,143339988762.76904,76928000000.0,0.0022115940683709915,0.0008027899505998683,True,2014-03-28,2014-03-31,2014-06-30,0
61616,ENI SPA,2014-04-11,2.25,-0.00034139792576953396,0.00040326697321035903,-0.0006473969626832603,142768155509.74973,76928000000.0,0.0022502997163817984,0.0008217445191546203,True,2014-03-28,2014-03-31,2014-06-30,0
61616,ENI SPA,2014-04-18,2.25,-0.00034139792576953396,0.00040326697321035903,-0.0006473969626832603,145575908544.704,77292000000.0,0.0021112402565634817,0.0007558706045767727,True,2014-03-28,2014-03-31,2014-06-30,0
61616,ENI SPA,2014-04-25,2.25,-0.00034139792576953396,0.00040326697321035903,-0.0006473969626832603,144142179735.5669,77292000000.0,0.0022033664449403736,0.000798959728811488,True,2014-03-28,2014-03-31,2014-06-30,0
61616,ENI SPA,2014-05-02,2.25,-0.00034139792576953396,0.00040326697321035903,-0.0006473969626832603,145216218465.25107,77292000000.0,0.0021338375867589877,0.0007667110378561106,True,2014-03-28,2014-03-31,2014-06-30,0
61616,ENI SPA,2014-05-09,2.25,-0.00034139792576953396,0.00040326697321035903,-0.0006473969626832603,145990330441.47144,77292000000.0,0.002085618071297104,0.0007443980932569744,True,2014-03-28,2014-03-31,2014-06-30,0
61616,ENI SPA,2014-05-16,2.25,-0.00034139792576953396,0.00040326697321035903,-0.0006473969626832603,144914521719.77832,77292000000.0,0.002153053820943004,0.0007769357594547285,True,2014-03-28,2014-03-31,2014-06-30,0
61616,ENI SPA,2014-05-23,2.25,-0.00034139792576953396,0.00040326697321035903,-0.0006473969626832603,145181647043.21808,77292000000.0,0.002136027348393081,0.0007694355845407568,True,2014-03-28,2014-03-31,2014-06-30,0
61616,ENI SPA,2014-05-30,2.25,-0.00034139792576953396,0.00040326697321035903,-0.0006473969626832603,145191013277.4885,77292000000.0,0.002135433778025676,0.0007695984797239596,True,2014-03-28,2014-03-31,2014-06-30,0
61616,ENI SPA,2014-06-06,2.25,-0.00034139792576953396,0.00040326697321035903,-0.0006473969626832603,146399238489.86926,77292000000.0,0.002060761779724907,0.0007347453822585459,True,2014-03-28,2014-03-31,2014-06-30,0
61616,ENI SPA,2014-06-13,2.25,-0.00034139792576953396,0.00040326697321035903,-0.0006473969626832603,148320169609.7879,77292000000.0,0.001949377284974106,0.0006842563048725998,True,2014-03-28,2014-03-31,2014-06-30,0
61616,ENI SPA,2014-06-20,2.25,-0.00034139792576953396,0.00040326697321035903,-0.0006473969626832603,149799113340.84476,77292000000.0,0.0018692812796847918,0.000646850623379201,True,2014-03-28,2014-03-31,2014-06-30,0
61616,ENI SPA,2014-06-27,2.25,-0.0003259210510450969,0.0003600486652686714,-1.419563822810884e-05,149476678989.56335,77292000000.0,0.001460781016994285,0.002193358761177114,True,2014-06-27,2014-06-30,2014-09-30,1
61616,ENI SPA,2014-07-04,2.25,-0.0003259210510450969,0.0003600486652686714,-1.419563822810884e-05,150861940658.466,77292000000.0,0.001406319390148689,0.002134580148901785,True,2014-06-27,2014-06-30,2014-09-30,0
61616,ENI SPA,2014-07-11,2.25,-0.0003259210510450969,0.0003600486652686714,-1.419563822810884e-05,147740366349.04636,77292000000.0,0.0015332890248257215,0.0023162156988324888,True,2014-06-27,2014-06-30,2014-09-30,0
61616,ENI SPA,2014-07-18,2.25,-0.0003259210510450969,0.0003600486652686714,-1.419563822810884e-05,148424603255.59503,77292000000.0,0.001504128437750562,0.0022567335789857785,True,2014-06-27,2014-06-30,2014-09-30,0
61616,ENI SPA,2014-07-25,2.25,-0.0003259210510450969,0.0003600486652686714,-1.419563822810884e-05,148941658731.20114,77292000000.0,0.0014826037693609908,0.0022554005023196775,True,2014-06-27,2014-06-30,2014-09-30,0
61616,ENI SPA,2014-08-01,2.25,-0.0003259210510450969,0.0003600486652686714,-1.419563822810884e-05,145562548479.4644,77292000000.0,0.001631536399513617,0.002455728674242533,True,2014-06-27,2014-06-30,2014-09-30,0
61616,ENI SPA,2014-08-08,2.25,-0.0003259210510450969,0.0003600486652686714,-1.419563822810884e-05,143455129688.55804,77292000000.0,0.0017351922873775774,0.002593931541337149,True,2014-06-27,2014-06-30,2014-09-30,0
61616,ENI SPA,2014-08-15,2.25,-0.0003259210510450969,0.0003600486652686714,-1.419563822810884e-05,144108942188.50064,77292000000.0,0.001702071688386991,0.0025491012788393793,True,2014-06-27,2014-06-30,2014-09-30,0
61616,ENI SPA,2014-08-22,2.25,-0.0003259210510450969,0.0003600486652686714,-1.419563822810884e-05,144256886033.9079,77292000000.0,0.0016947000571679973,0.002548638471185629,True,2014-06-27,2014-06-30,2014-09-30,0
61616,ENI SPA,2014-08-29,2.25,-0.0003259210510450969,0.0003600486652686714,-1.419563822810884e-05,146311637447.06625,77292000000.0,0.0015967757012774724,0.0024881032398620475,True,2014-06-27,2014-06-30,2014-09-30,0
61616,ENI SPA,2014-09-05,2.25,-0.0003259210510450969,0.0003600486652686714,-1.419563822810884e-05,148054120159.41464,77292000000.0,0.0015198204917900276,0.0025070526194367632,True,2014-06-27,2014-06-30,2014-09-30,0
61616,ENI SPA,2014-09-12,2.25,-0.0003259210510450969,0.0003600486652686714,-1.419563822810884e-05,145608848080.36188,77292000000.0,0.0016293574103823098,0.0026212526592552343,True,2014-06-27,2014-06-30,2014-09-30,0
61616,ENI SPA,2014-09-19,2.25,-0.0003259210510450969,0.0003600486652686714,-1.419563822810884e-05,146412287559.41113,77292000000.0,0.001592184204714032,0.0025844142061200517,True,2014-06-27,2014-06-30,2014-09-30,0
61616,ENI SPA,2014-09-26,2.25,-0.0002988395901285158,0.00031708749821247623,2.413038055836263e-05,144779438273.5799,77292000000.0,0.0014505253448481384,0.003038667672588964,True,2014-09-26,2014-09-30,2014-12-31,1
61616,ENI SPA,2014-10-03,2.25,-0.0002988395901285158,0.00031708749821247623,2.413038055836263e-05,142335307772.06018,77292000000.0,0.001559046782259492,0.0031678407620823936,True,2014-09-26,2014-09-30,2014-12-31,0
61616,ENI SPA,2014-10-10,2.25,-0.0002988395901285158,0.00031708749821247623,2.413038055836263e-05,137721984490.39587,77292000000.0,0.0017971751692800763,0.003556019680361035,True,2014-09-26,2014-09-30,2014-12-31,0
61616,ENI SPA,2014-10-17,2.25,-0.0002988395901285158,0.00031708749821247623,2.413038055836263e-05,136802197222.11653,77292000000.0,0.001850685443815044,0.00357729488044732,True,2014-09-26,2014-09-30,2014-12-31,0
61616,ENI SPA,2014-10-24,2.25,-0.0002988395901285158,0.00031708749821247623,2.413038055836263e-05,136948816876.16048,77292000000.0,0.00184200692939067,0.003570787504663989,True,2014-09-26,2014-09-30,2014-12-31,0
61616,ENI SPA,2014-10-31,2.25,-0.0002988395901285158,0.00031708749821247623,2.413038055836263e-05,139136151673.8346,77292000000.0,0.0017190533725755987,0.0034162318616115968,True,2014-09-26,2014-09-30,2014-12-31,0
61616,ENI SPA,2014-11-07,2.25,-0.0002988395901285158,0.00031708749821247623,2.413038055836263e-05,136993843724.44106,77292000000.0,0.0018393532372758619,0.0036146553533188477,True,2014-09-26,2014-09-30,2014-12-31,0
61616,ENI SPA,2014-11-14,2.25,-0.0002988395901285158,0.00031708749821247623,2.413038055836263e-05,136335954629.38351,77292000000.0,0.0018786676339884922,0.0036548305792107475,True,2014-09-26,2014-09-30,2014-12-31,0
61616,ENI SPA,2014-11-21,2.25,-0.0002988395901285158,0.00031708749821247623,2.413038055836263e-05,139816241874.0741,77292000000.0,0.0016831737525644188,0.003304914947060246,True,2014-09-26,2014-09-30,2014-12-31,0
61616,ENI SPA,2014-11-28,2.25,-0.0002988395901285158,0.00031708749821247623,2.413038055836263e-05,135742312344.72473,77292000000.0,0.0019151640447018984,0.003643132385277134,True,2014-09-26,2014-09-30,2014-12-31,0
61616,ENI SPA,2014-12-05,2.25,-0.0002988395901285158,0.00031708749821247623,2.413038055836263e-05,133668037735.51805,77292000000.0,0.002050820322290422,0.0038326015597424713,True,2014-09-26,2014-09-30,2014-12-31,0
61616,ENI SPA,2014-12-12,2.25,-0.0002988395901285158,0.00031708749821247623,2.413038055836263e-05,127382709101.76701,77292000000.0,0.0025553347642847633,0.004587784996334702,True,2014-09-26,2014-09-30,2014-12-31,0
61616,ENI SPA,2014-12-19,2.25,-0.0002988395901285158,0.00031708749821247623,2.413038055836263e-05,131317212869.1016,77292000000.0,0.002221510349812184,0.004155399881072336,True,2014-09-26,2014-09-30,2014-12-31,0
61616,ENI SPA,2014-12-26,2.25,-0.0002988395901285158,0.00031708749821247623,2.413038055836263e-05,131648122467.74731,77292000000.0,0.002196299336427339,0.004140673584499094,True,2014-09-26,2014-09-30,2014-12-31,0
