date,A_hat_oos,theta_oos,L_proxy,PD_P,PD_Q,alpha,beta1,delta,beta0,em_converged,em_n_iter,window_train_start,window_train_end,window_oos_start,window_oos_end,gvkey,window_idx,ok,msg
2014-04-04,159097257655.13974,-9.792205157422984,102725000000.0,1.2047623098759621e-11,1.2519935251774327e-09,271.81119707176134,60.98540177976534,1.4257516606975154,-0.27497392855536257,True,3,2012-04-06,2014-03-28,2014-04-04,2014-06-27,100022,0,True,ok
2014-04-11,156918863003.99738,-9.814829018267858,102725000000.0,4.3169236799098105e-11,3.970244150823639e-09,271.81119707176134,60.98540177976534,1.4257516606975154,-0.27497392855536257,True,3,2012-04-06,2014-03-28,2014-04-04,2014-06-27,100022,0,True,ok
2014-04-18,158080962457.29874,-9.836432871920579,102725000000.0,2.1899006142640348e-11,2.1824520656459466e-09,271.81119707176134,60.98540177976534,1.4257516606975154,-0.27497392855536257,True,3,2012-04-06,2014-03-28,2014-04-04,2014-06-27,100022,0,True,ok
2014-04-25,156518062929.1611,-9.798120975372015,102725000000.0,5.449083225940621e-11,4.854962156138093e-09,271.81119707176134,60.98540177976534,1.4257516606975154,-0.27497392855536257,True,3,2012-04-06,2014-03-28,2014-04-04,2014-06-27,100022,0,True,ok
2014-05-02,156225752601.64978,-9.845144033138915,102725000000.0,6.455442827042495e-11,5.764901303865629e-09,271.81119707176134,60.98540177976534,1.4257516606975154,-0.27497392855536257,True,3,2012-04-06,2014-03-28,2014-04-04,2014-06-27,100022,0,True,ok
2014-05-09,155692467559.71436,-9.870686561007332,102725000000.0,8.786943912112863e-11,7.676335625814092e-09,271.81119707176134,60.98540177976534,1.4257516606975154,-0.27497392855536257,True,3,2012-04-06,2014-03-28,2014-04-04,2014-06-27,100022,0,True,ok
2014-05-16,154694296306.58,-9.904434937474534,102725000000.0,1.5602337510224956e-10,1.2994158189921436e-08,271.81119707176134,60.98540177976534,1.4257516606975154,-0.27497392855536257,True,3,2012-04-06,2014-03-28,2014-04-04,2014-06-27,100022,0,True,ok
2014-05-23,156788101684.90344,-9.934174942049061,102725000000.0,4.65804105022454e-11,4.475137248912627e-09,271.81119707176134,60.98540177976534,1.4257516606975154,-0.27497392855536257,True,3,2012-04-06,2014-03-28,2014-04-04,2014-06-27,100022,0,True,ok
2014-05-30,158130959272.64856,-9.956050527935723,102725000000.0,2.1266449181798986e-11,2.241015748714627e-09,271.81119707176134,60.98540177976534,1.4257516606975154,-0.27497392855536257,True,3,2012-04-06,2014-03-28,2014-04-04,2014-06-27,100022,0,True,ok
2014-06-06,158618422580.15714,-9.976938571346189,102725000000.0,1.5972700563930717e-11,1.7505159895996216e-09,271.81119707176134,60.98540177976534,1.4257516606975154,-0.27497392855536257,True,3,2012-04-06,2014-03-28,2014-04-04,2014-06-27,100022,0,True,ok
2014-06-13,157383599007.97922,-10.04968623536103,102725000000.0,3.292771141762361e-11,3.4515183792676374e-09,271.81119707176134,60.98540177976534,1.4257516606975154,-0.27497392855536257,True,3,2012-04-06,2014-03-28,2014-04-04,2014-06-27,100022,0,True,ok
2014-06-20,158452474773.46478,-10.023834094878652,102725000000.0,1.760927526247093e-11,1.9503115378837327e-09,271.81119707176134,60.98540177976534,1.4257516606975154,-0.27497392855536257,True,3,2012-04-06,2014-03-28,2014-04-04,2014-06-27,100022,0,True,ok
2014-06-27,158338245624.73944,-10.03467354663912,102725000000.0,1.8831149344859383e-11,2.080884793231613e-09,271.81119707176134,60.98540177976534,1.4257516606975154,-0.27497392855536257,True,3,2012-04-06,2014-03-28,2014-04-04,2014-06-27,100022,0,True,ok
2014-07-04,160023488923.9403,-15.196424905954586,102725000000.0,1.130893992404041e-14,1.8628149900355613e-11,475.10760217715784,239.73328673598937,1.6035454901226078,-0.8625841384991602,True,3,2012-07-06,2014-06-27,2014-07-04,2014-09-26,100022,1,True,ok
2014-07-11,158174427438.67224,-15.206439514155363,102725000000.0,4.558148822787193e-14,6.34326128933974e-11,475.10760217715784,239.73328673598937,1.6035454901226078,-0.8625841384991602,True,3,2012-07-06,2014-06-27,2014-07-04,2014-09-26,100022,1,True,ok
2014-07-18,159093182433.28543,-15.190054290119036,102725000000.0,2.285879697277993e-14,3.442496932489709e-11,475.10760217715784,239.73328673598937,1.6035454901226078,-0.8625841384991602,True,3,2012-07-06,2014-06-27,2014-07-04,2014-09-26,100022,1,True,ok
2014-07-25,159519549743.7928,-15.211705149265242,102725000000.0,1.656698572481449e-14,2.6215571263294655e-11,475.10760217715784,239.73328673598937,1.6035454901226078,-0.8625841384991602,True,3,2012-07-06,2014-06-27,2014-07-04,2014-09-26,100022,1,True,ok
2014-08-01,155505148338.59192,-15.213490979430418,102725000000.0,3.2918442574709505e-13,3.566860761258413e-10,475.10760217715784,239.73328673598937,1.6035454901226078,-0.8625841384991602,True,3,2012-07-06,2014-06-27,2014-07-04,2014-09-26,100022,1,True,ok
2014-08-08,7793409872105.391,-15.21456100290871,102725000000.0,0.0,0.0,475.10760217715784,239.73328673598937,1.6035454901226078,-0.8625841384991602,True,3,2012-07-06,2014-06-27,2014-07-04,2014-09-26,100022,1,True,ok
2014-08-15,7793368274639.738,-15.213668594916214,102725000000.0,0.0,0.0,475.10760217715784,239.73328673598937,1.6035454901226078,-0.8625841384991602,True,3,2012-07-06,2014-06-27,2014-07-04,2014-09-26,100022,1,True,ok
2014-08-22,156369515842.6969,-15.220413959739261,102725000000.0,1.7434391439713725e-13,2.0575618983553688e-10,475.10760217715784,239.73328673598937,1.6035454901226078,-0.8625841384991602,True,3,2012-07-06,2014-06-27,2014-07-04,2014-09-26,100022,1,True,ok
2014-08-29,156118657588.05887,-15.2717471322442,102725000000.0,2.0975813440787466e-13,2.470406133324922e-10,475.10760217715784,239.73328673598937,1.6035454901226078,-0.8625841384991602,True,3,2012-07-06,2014-06-27,2014-07-04,2014-09-26,100022,1,True,ok
2014-09-05,158241281107.27664,-15.361840980689891,102725000000.0,4.335601266219639e-14,6.499694827265565e-11,475.10760217715784,239.73328673598937,1.6035454901226078,-0.8625841384991602,True,3,2012-07-06,2014-06-27,2014-07-04,2014-09-26,100022,1,True,ok
2014-09-12,156650274216.52457,-15.334700596486897,102725000000.0,1.4168645155531207e-13,1.8036209155428454e-10,475.10760217715784,239.73328673598937,1.6035454901226078,-0.8625841384991602,True,3,2012-07-06,2014-06-27,2014-07-04,2014-09-26,100022,1,True,ok
2014-09-19,156390604490.47116,-15.34495880615495,102725000000.0,1.7165158535215886e-13,2.1407089850675388e-10,475.10760217715784,239.73328673598937,1.6035454901226078,-0.8625841384991602,True,3,2012-07-06,2014-06-27,2014-07-04,2014-09-26,100022,1,True,ok
2014-09-26,7799797841428.516,-15.351592429004825,102725000000.0,0.0,0.0,475.10760217715784,239.73328673598937,1.6035454901226078,-0.8625841384991602,True,3,2012-07-06,2014-06-27,2014-07-04,2014-09-26,100022,1,True,ok
2014-04-04,112294765669.68852,-11.695000861603603,30464000000.0,2.9909348464912837e-30,5.087536359978275e-23,3895.8863518728167,3467.5284881578245,7.220166956450585,-13.880658431616627,False,10,2012-04-06,2014-03-28,2014-04-04,2014-06-27,100080,0,True,ok
2014-04-11,107179774816.31488,-11.701649317503325,30464000000.0,1.8327622793732773e-28,1.8241190710480913e-21,3895.8863518728167,3467.5284881578245,7.220166956450585,-13.880658431616627,False,10,2012-04-06,2014-03-28,2014-04-04,2014-06-27,100080,0,True,ok
2014-04-18,107828438406.8385,-11.707997851467098,30464000000.0,1.0847006000975736e-28,1.16781169687252e-21,3895.8863518728167,3467.5284881578245,7.220166956450585,-13.880658431616627,False,10,2012-04-06,2014-03-28,2014-04-04,2014-06-27,100080,0,True,ok
2014-04-25,109624722072.17447,-11.696739356223588,30464000000.0,2.548077200263991e-29,3.279781016585371e-22,3895.8863518728167,3467.5284881578245,7.220166956450585,-13.880658431616627,False,10,2012-04-06,2014-03-28,2014-04-04,2014-06-27,100080,0,True,ok
2014-05-02,113130643395.12814,-11.710557675748987,30464000000.0,1.5335558546991529e-30,2.903550110237791e-23,3895.8863518728167,3467.5284881578245,7.220166956450585,-13.880658431616627,False,10,2012-04-06,2014-03-28,2014-04-04,2014-06-27,100080,0,True,ok
2014-05-09,113300342130.39125,-11.718063334452381,30464000000.0,1.339277022228973e-30,2.6062629614529928e-23,3895.8863518728167,3467.5284881578245,7.220166956450585,-13.880658431616627,False,10,2012-04-06,2014-03-28,2014-04-04,2014-06-27,100080,0,True,ok
2014-05-16,116034964013.6021,-11.727979915543074,30464000000.0,1.5206851733988006e-31,3.96455011024977e-24,3895.8863518728167,3467.5284881578245,7.220166956450585,-13.880658431616627,False,10,2012-04-06,2014-03-28,2014-04-04,2014-06-27,100080,0,True,ok
2014-05-23,115874592801.8133,-11.736718340378957,30464000000.0,1.7269639673964246e-31,4.4822715284965604e-24,3895.8863518728167,3467.5284881578245,7.220166956450585,-13.880658431616627,False,10,2012-04-06,2014-03-28,2014-04-04,2014-06-27,100080,0,True,ok
2014-05-30,118193738287.84502,-11.743145780569648,30464000000.0,2.756806550655333e-32,9.10578176160455e-25,3895.8863518728167,3467.5284881578245,7.220166956450585,-13.880658431616627,False,10,2012-04-06,2014-03-28,2014-04-04,2014-06-27,100080,0,True,ok
2014-06-06,117453010485.1111,-11.749282901917468,30464000000.0,4.948301118482698e-32,1.5309277507231048e-24,3895.8863518728167,3467.5284881578245,7.220166956450585,-13.880658431616627,False,10,2012-04-06,2014-03-28,2014-04-04,2014-06-27,100080,0,True,ok
2014-06-13,116142173377.22876,-11.770655684648318,30464000000.0,1.3967536700950272e-31,3.8985015101374156e-24,3895.8863518728167,3467.5284881578245,7.220166956450585,-13.880658431616627,False,10,2012-04-06,2014-03-28,2014-04-04,2014-06-27,100080,0,True,ok
2014-06-20,116261851511.88246,-11.763060714878975,30464000000.0,1.2703324325197959e-31,3.5523490371895326e-24,3895.8863518728167,3467.5284881578245,7.220166956450585,-13.880658431616627,False,10,2012-04-06,2014-03-28,2014-04-04,2014-06-27,100080,0,True,ok
2014-06-27,115147301706.17749,-11.766245211926162,30464000000.0,3.0766372998728937e-31,7.715638415437157e-24,3895.8863518728167,3467.5284881578245,7.220166956450585,-13.880658431616627,False,10,2012-04-06,2014-03-28,2014-04-04,2014-06-27,100080,0,True,ok
2014-07-04,117381744262.97546,-11.926798028712653,30464000000.0,1.7025310299534078e-32,6.288431584435504e-25,474.36703607226275,60.8012778437875,8.079847776520134,-0.8457655746356529,False,10,2012-07-06,2014-06-27,2014-07-04,2014-09-26,100080,1,True,ok
2014-07-11,114116808042.66019,-11.929655824758932,30464000000.0,2.1858324251734843e-31,5.790255709453616e-24,474.36703607226275,60.8012778437875,8.079847776520134,-0.8457655746356529,False,10,2012-07-06,2014-06-27,2014-07-04,2014-09-26,100080,1,True,ok
2014-07-18,113866257040.89523,-11.924980037715486,30464000000.0,2.6616053691268946e-31,6.825745389280847e-24,474.36703607226275,60.8012778437875,8.079847776520134,-0.8457655746356529,False,10,2012-07-06,2014-06-27,2014-07-04,2014-09-26,100080,1,True,ok
2014-07-25,112099848098.11739,-11.931158398743683,30464000000.0,1.0714577936251224e-30,2.2992767028568796e-23,474.36703607226275,60.8012778437875,8.079847776520134,-0.8457655746356529,False,10,2012-07-06,2014-06-27,2014-07-04,2014-09-26,100080,1,True,ok
2014-08-01,109635812476.3515,-11.931667987276079,30464000000.0,7.570443923678642e-30,1.2472474770167989e-22,474.36703607226275,60.8012778437875,8.079847776520134,-0.8457655746356529,False,10,2012-07-06,2014-06-27,2014-07-04,2014-09-26,100080,1,True,ok
2014-08-08,109131535399.39352,-11.931973318012759,30464000000.0,1.1315788154764738e-29,1.7653000967514149e-22,474.36703607226275,60.8012778437875,8.079847776520134,-0.8457655746356529,False,10,2012-07-06,2014-06-27,2014-07-04,2014-09-26,100080,1,True,ok
2014-08-15,109371215916.76251,-11.931718669861034,30464000000.0,9.347221200654066e-30,1.4963465674553694e-22,474.36703607226275,60.8012778437875,8.079847776520134,-0.8457655746356529,False,10,2012-07-06,2014-06-27,2014-07-04,2014-09-26,100080,1,True,ok
2014-08-22,112365782461.09637,-11.933643435521816,30464000000.0,8.683781707899368e-31,1.9231412758183324e-23,474.36703607226275,60.8012778437875,8.079847776520134,-0.8457655746356529,False,10,2012-07-06,2014-06-27,2014-07-04,2014-09-26,100080,1,True,ok
2014-08-29,114870893025.14252,-11.94828961334811,30464000000.0,1.2094874172171858e-31,3.552964609588244e-24,474.36703607226275,60.8012778437875,8.079847776520134,-0.8457655746356529,False,10,2012-07-06,2014-06-27,2014-07-04,2014-09-26,100080,1,True,ok
2014-09-05,117820122369.38493,-11.973988175261226,30464000000.0,1.2108766145973658e-32,4.985786625047807e-25,474.36703607226275,60.8012778437875,8.079847776520134,-0.8457655746356529,False,10,2012-07-06,2014-06-27,2014-07-04,2014-09-26,100080,1,True,ok
2014-09-12,118270857238.97119,-11.966247486590603,30464000000.0,8.533774321230337e-33,3.6394226294535706e-25,474.36703607226275,60.8012778437875,8.079847776520134,-0.8457655746356529,False,10,2012-07-06,2014-06-27,2014-07-04,2014-09-26,100080,1,True,ok
2014-09-19,123316783393.38531,-11.96917331333779,30464000000.0,1.7551723296780561e-34,1.238798673493849e-26,474.36703607226275,60.8012778437875,8.079847776520134,-0.8457655746356529,False,10,2012-07-06,2014-06-27,2014-07-04,2014-09-26,100080,1,True,ok
2014-09-26,121498497015.26575,-11.971065283911607,30464000000.0,7.0653784393911865e-34,4.1858354153690913e-26,474.36703607226275,60.8012778437875,8.079847776520134,-0.8457655746356529,False,10,2012-07-06,2014-06-27,2014-07-04,2014-09-26,100080,1,True,ok
