date,market_cap,debt_face,rf,A_oos_mean,A_oos_median,A_oos_q05,A_oos_q95,theta_oos_mean,theta_oos_median,theta_oos_q05,theta_oos_q95,PD_P_mean,PD_P_median,PD_P_q05,PD_P_q95,PD_Q_mean,PD_Q_median,PD_Q_q05,PD_Q_q95,gvkey,window_train_start,window_train_end,window_oos_start,window_oos_end,window_idx
2016-01-01,58772790985.479996,117366000000.0,-0.0039681064438854725,176605433026.92407,176605435096.08246,176605419852.41376,176605436822.404,-4.757158283750274,-5.406781175815468,-16.69257751889154,9.274985510016272,2.3225916305600225e-05,9.521656422315507e-08,2.4060768913744946e-10,0.00012010984504563004,1.910035002850462e-06,1.0229855540563312e-06,1.1423335981851771e-07,7.736308206817427e-06,100022,2014-01-03,2015-12-25,2016-01-01,2016-03-25,0.0
2016-01-08,50230479154.24,117366000000.0,-0.004354404010770185,168108597056.5351,168108617332.46912,168108454212.6214,168108646899.08893,-4.809559698108211,-5.4543166243256564,-16.75234095543292,9.224950050232932,0.00017180566570189752,1.972047079012063e-06,9.599337405867863e-09,0.0009124486948326827,2.4154459209576776e-05,1.6705814688633697e-05,3.0753592613125168e-06,7.97028852152569e-05,100022,2014-01-03,2015-12-25,2016-01-01,2016-03-25,0.0
2016-01-15,46967665191.92,117366000000.0,-0.00419042178824033,164826364635.47696,164826409706.48883,164826029466.41757,164826491196.2775,-4.787314683764265,-5.4341373166544145,-16.72697065366151,9.24631580905348,0.00035274188830979004,6.09682702596769e-06,3.815078433389819e-08,0.001889639119930129,6.092606204389717e-05,4.549045609859291e-05,1.0003837657152066e-05,0.0001842609085862713,100022,2014-01-03,2015-12-25,2016-01-01,2016-03-25,0.0
2016-01-22,47985037073.159996,117366000000.0,-0.0043253692270820475,165859679818.92334,165859715142.47443,165859421801.27878,165859774860.44836,-4.80562090152582,-5.450743595595668,-16.74784877975885,9.22873316177693,0.00028218468817000226,4.2898280993604485e-06,2.454422385699923e-08,0.0015078777335406073,4.581946191593535e-05,3.344596774490648e-05,6.964995394007853e-06,0.00014244494889581328,100022,2014-01-03,2015-12-25,2016-01-01,2016-03-25,0.0
2016-01-29,46148951725.36,117366000000.0,-0.004507965977424311,164045042429.84686,164045097335.71548,164044627750.26865,164045202242.12158,-4.8303921721552525,-5.473214499306778,-16.77370100978369,9.204941003761546,0.0004167395587290082,7.90402976603996e-06,5.312564063107229e-08,0.002235790876474149,7.684172594203686e-05,5.8400853354486964e-05,1.3422413373851286e-05,0.00022714756138403827,100022,2014-01-03,2015-12-25,2016-01-01,2016-03-25,0.0
2016-02-05,43590472142.36,117366000000.0,-0.0045924088331738225,161496315562.4455,161496414490.8545,161495528018.64423,161496638992.7637,-4.8418482520227855,-5.4836066890648,-16.78505619451853,9.193937740344339,0.0007092073938072868,1.7567231003166953e-05,1.5416851657837742e-07,0.0037174737937846355,0.00015544315486592752,0.00012424949631689047,3.262068504147167e-05,0.0004275911956026455,100022,2014-01-03,2015-12-25,2016-01-01,2016-03-25,0.0
2016-02-12,42296182470.96001,117366000000.0,-0.004854214196369675,160232723947.089,160232855968.04718,160231641184.5809,160233183294.88507,-4.8773684063815566,-5.5158280811015175,-16.820263520867776,9.15982157382173,0.0009167240452171536,2.6055399431484372e-05,2.592063621046419e-07,0.004780112632843423,0.00022100293347999112,0.0001807967880793246,5.069560315837672e-05,0.0005856716385065547,100022,2014-01-03,2015-12-25,2016-01-01,2016-03-25,0.0
2016-02-19,44445305320.68,117366000000.0,-0.0049035102670349625,162387918679.92157,162388000466.71375,162387279337.2787,162388175776.88638,-4.884056917300037,-5.521895409115132,-16.82689312610605,9.15339743769146,0.0005900913637471676,1.3289618410027252e-05,1.0647954424797424e-07,0.003118157385317839,0.00012349118850518332,9.715071369981278e-05,2.442442669636712e-05,0.0003479366331953628,100022,2014-01-03,2015-12-25,2016-01-01,2016-03-25,0.0
2016-02-26,44481425032.44,117366000000.0,-0.005039624489232013,162440095878.98,162440177100.2829,162439461377.6289,162440350826.4775,-4.902525478291864,-5.538648704488878,-16.845199035259746,9.13565888014455,0.0005837345560863454,1.3073461569320022e-05,1.0418901019148215e-07,0.0030860314401048544,0.0001224428727304031,9.626710743863093e-05,2.4162895060284868e-05,0.0003452928245308692,100022,2014-01-03,2015-12-25,2016-01-01,2016-03-25,0.0
2016-03-04,49742863045.479996,117366000000.0,-0.005090166714876379,167707733898.50833,167707757004.1585,167707569830.93307,167707791852.70316,-4.909383461435906,-5.5448697409779015,-16.851996620690578,9.129071972036858,0.00018788995694225686,2.2677680166916995e-06,1.1313535088812318e-08,0.0009990186036499952,2.8027099272448248e-05,1.9634386311037066e-05,3.7193518597778806e-06,9.124654762082912e-05,100022,2014-01-03,2015-12-25,2016-01-01,2016-03-25,0.0
2016-03-11,47389061829.12,117366000000.0,-0.004514127762970936,165285935489.4467,165285976368.9016,165285633725.70184,165286048292.53665,-4.831228110906407,-5.473972807679274,-16.774529586304517,9.204138106536133,0.0003195311747512589,5.216715361970873e-06,3.136898798749514e-08,0.001709869495436216,5.431836379450564e-05,4.0191951499501526e-05,8.646534669902548e-06,0.00016612989769262154,100022,2014-01-03,2015-12-25,2016-01-01,2016-03-25,0.0
2016-03-18,49110768089.68,129410000000.0,-0.004798085335352043,179142853098.95288,179142941261.49307,179142165338.09427,179143128993.7303,-4.869752943477624,-5.508919882372993,-16.81271512746421,9.167136023070547,0.0005800851523500209,1.294993270219055e-05,1.0288580410075515e-07,0.0030675732940430175,0.00012019752486607859,9.43805774659275e-05,2.3607758555178444e-05,0.0003395958817452051,100022,2014-01-03,2015-12-25,2016-01-01,2016-03-25,0.0
2016-03-25,47906777697.68,129410000000.0,-0.004772163451317839,177935371941.48386,177935484738.1435,177934471048.17526,177935743286.1168,-4.8662359533706026,-5.505729519836223,-16.80922911160128,9.17051399855732,0.0007270180848178079,1.8242857014584352e-05,1.6208234429472923e-07,0.0038066781507487333,0.00016184997986583074,0.0001297224822516126,3.4315748795915626e-05,0.0004433425879791031,100022,2014-01-03,2015-12-25,2016-01-01,2016-03-25,0.0
2016-04-01,46955625288.0,129410000000.0,-0.004837807331449042,1153989334896.4495,176991730891.9408,176982812787.14902,10214676081084.89,1.7959538761019833,2.5978203405491493,-10.650438603334537,13.269445918763772,0.005065997422059085,0.000798767240351301,4.461250538695137e-181,0.0284334995368545,0.0007673421453700892,0.0004658180725903827,4.587055852205953e-180,0.0025184844425054,100022,2014-04-04,2016-03-25,2016-04-01,2016-06-24,1.0
2016-04-08,44728243062.799995,129410000000.0,-0.0050752543855854945,1142891989783.1157,174794228320.57336,174781445060.95648,9359032824390.137,1.7667705618422034,2.567037246595855,-10.68710984450142,13.245786453058562,0.006766292233323128,0.0012544208040626765,4.3153177198606835e-181,0.03655414886100942,0.0011418122853220822,0.0007510051545822011,9.520058256565033e-177,0.003594260523643926,100022,2014-04-04,2016-03-25,2016-04-01,2016-06-24,1.0
2016-04-15,47178363510.520004,129410000000.0,-0.005192512967785851,1154628187410.4565,177260668892.37103,177252040266.93338,10219218657800.223,1.7523595356420139,2.5518362830653225,-10.705214058266563,13.234103095151312,0.004891633453786557,0.000753849036839446,4.2450385053801306e-181,0.027550385958876,0.0007405040763131646,0.00044585335457158896,5.546649219360336e-180,0.0024372757094944008,100022,2014-04-04,2016-03-25,2016-04-01,2016-06-24,1.0
2016-04-22,49833162324.88,129410000000.0,-0.005201653725431045,1183964876359.7498,179917286594.81592,179911746920.4635,10362487284093.135,1.7512361569057573,2.550651327964862,-10.70662520795399,13.233192343751202,0.0034564934430824615,0.0004597435211196491,1.0019974874770588e-176,0.018774866464002046,0.00046376227995077626,0.0002545996603124649,1.029155576964577e-176,0.001583550754727764,100022,2014-04-04,2016-03-25,2016-04-01,2016-06-24,1.0
2016-04-29,48460613278.0,129410000000.0,-0.005180846165192681,1199214616926.0376,178541760839.6027,178534776449.49704,10335734661903.107,1.7537933630766065,2.5533487039502125,-10.703412907751789,13.235265534734742,0.004137033051566409,0.0005920401457121282,3.5645581207401604e-181,0.023016532039705336,0.0005897411777673127,0.0003375569054893991,5.856299182961697e-184,0.0019811119974712916,100022,2014-04-04,2016-03-25,2016-04-01,2016-06-24,1.0
2016-05-06,45565016385.24,129410000000.0,-0.005255255910523684,1181619818144.7058,175654864214.81873,175643638556.3019,10220022235696.053,1.7446486150535188,2.5437027037038957,-10.714899892887606,13.227851652515891,0.00603966010236468,0.001058563835863851,4.207909012139405e-181,0.0331578386590349,0.0009846432288191278,0.0006303454660165125,1.063731935926371e-176,0.0031542001832367975,100022,2014-04-04,2016-03-25,2016-04-01,2016-06-24,1.0
2016-05-13,44409185608.92,129410000000.0,-0.005330627522565173,1078855794016.0905,174508184703.4219,174494719060.74268,9362164826400.852,1.735385814807418,2.533932194082445,-10.726533963986727,13.220342044373245,0.007027358671751952,0.0013420745722188135,4.1637393529665007e-181,0.037929465636628634,0.0012171499755150189,0.0008078267242597672,1.1143248698543172e-176,0.0037862900930769883,100022,2014-04-04,2016-03-25,2016-04-01,2016-06-24,1.0
2016-05-20,43163055553.200005,129410000000.0,-0.005381800125490273,1106180026701.4656,173267863972.8401,173251457182.53442,9362792456756.29,1.7290970446777598,2.527298733898793,-10.734431965088325,13.215243554329088,0.008232471413521522,0.0016818022165171237,3.481110541732875e-181,0.04368193922168618,0.001514156650641081,0.0010483615871158263,6.138358501373458e-180,0.004599065721279893,100022,2014-04-04,2016-03-25,2016-04-01,2016-06-24,1.0
2016-05-27,45245958931.36,129410000000.0,-0.005511659954575418,1143889410807.5151,175368973440.9544,175357164282.8795,9364385225886.455,1.713138472063594,2.510465493736887,-10.754471664858345,13.202305434880873,0.006282489022159501,0.001126292303025736,4.059552038549414e-181,0.03425332117883617,0.0010469079345812719,0.0006788915365895452,1.2458928226399006e-176,0.0033241613198346934,100022,2014-04-04,2016-03-25,2016-04-01,2016-06-24,1.0
2016-06-03,43506192814.92,129410000000.0,-0.0055372453045172375,1106675801426.5261,173631474752.5982,173615911903.3144,9364699044930.88,1.7099943250160743,2.507149025070114,-10.758419448777023,13.199756369106497,0.007858487084960803,0.0015711870816111813,3.4179140315012936e-181,0.04199024616535443,0.0014279180849876517,0.00097777472905973,6.671170774418831e-180,0.0043658033512816,100022,2014-04-04,2016-03-25,2016-04-01,2016-06-24,1.0
2016-06-10,42561060357.200005,129410000000.0,-0.005629565200942901,1076312235413.2815,172697602847.36856,172679535651.85297,9365831421232.5,1.6986494183123892,2.493979625821963,-10.772662927256803,13.190558654249612,0.008859840695911022,0.0018805331085527896,3.9931144975520356e-181,0.04643671604871893,0.001687378739184742,0.0011895214165915055,1.3398254682296028e-176,0.0050559909631801405,100022,2014-04-04,2016-03-25,2016-04-01,2016-06-24,1.0
2016-06-17,41519608668.12,129410000000.0,-0.005830890049573294,1075595503835.212,171681324929.25967,171660053696.8697,9368300935748.11,1.6739100633484787,2.4650981618551566,-10.803716768665131,13.17050149465044,0.010079842966596418,0.0022773921758470986,3.88219810630597e-181,0.05170725801013159,0.0020272776258692215,0.001472267707508594,1.516877136322183e-176,0.005937897952121381,100022,2014-04-04,2016-03-25,2016-04-01,2016-06-24,1.0
2016-06-24,41332990157.36,129410000000.0,-0.006369741549732035,1089846446380.3323,171564622191.9292,171542639482.60822,9374911377009.57,1.607700136792683,2.397871527874435,-10.886783583038387,13.116821886466575,0.010228828529546789,0.00232699168936872,3.6003840940121896e-181,0.0523466119858638,0.0021018384058417755,0.0015372998126757125,2.1145691770156128e-176,0.006131817891526192,100022,2014-04-04,2016-03-25,2016-04-01,2016-06-24,1.0
2016-07-01,40809254336.840004,129410000000.0,-0.006520102512182806,208957484311.79193,171059478988.3881,171048421323.97278,171064125070.73083,3.465358730269575,3.3928174533325683,-9.556791666321555,15.910952413171174,0.01788383660438088,0.00450689018738798,4.730942508382034e-05,0.08460822802261321,0.0020772231900016334,0.001847693624907072,0.0005857184490224611,0.004300306687857424,100022,2014-07-04,2016-06-24,2016-07-01,2016-09-30,2.0
2016-07-08,41200551214.24,129410000000.0,-0.006736888254060118,209386727161.81482,171479520252.82935,171469131815.71307,171483821518.90808,3.439672536884399,3.3654868703579623,-9.583789090032253,15.885420678163653,0.01695917541843427,0.0041639035366781195,4.218663362275546e-05,0.08068721845445995,0.0019306974101299234,0.0017101280776796008,0.0005326545847408276,0.00403129930492061,100022,2014-07-04,2016-06-24,2016-07-01,2016-09-30,2.0
2016-07-15,44944961333.36,129410000000.0,-0.006551731690406832,244175138707.28683,175203090763.00696,175197589801.1472,175205063208.83633,3.461611110070297,3.3888299407123923,-9.560730611082805,15.907227345936075,0.010465918674907636,0.0019982992632446646,1.5060175654678299e-05,0.051994382084258155,0.0009288021625298494,0.0007847395650171652,0.00020479699187548665,0.002107299142234892,100022,2014-07-04,2016-06-24,2016-07-01,2016-09-30,2.0
2016-07-22,45450637298.0,129410000000.0,-0.006313785077396439,244627711910.61496,175678050832.88547,175673028052.13992,175679819883.98923,3.4898043935686367,3.4188277267841305,-9.531097863225945,15.935250817673598,0.00982600596989836,0.0018146118031831622,1.3181273652305023e-05,0.04904305162182739,0.0008383091642921081,0.0007030713689342226,0.00017895068234814737,0.0019233334479238301,100022,2014-07-04,2016-06-24,2016-07-01,2016-09-30,2.0
2016-07-29,46383729851.799995,129410000000.0,-0.006389155644443183,245570952646.83093,176621383766.9229,176617121478.0753,176622835218.13156,3.4808740800559486,3.4093258822111263,-9.540484164912849,15.926374329060708,0.008660150582792661,0.0014976515655890713,1.0101798770589459e-05,0.04358092637226404,0.0006963888173169595,0.0005759532111765612,0.00014008600657421935,0.001629994584608809,100022,2014-07-04,2016-06-24,2016-07-01,2016-09-30,2.0
2016-08-05,46907465672.32,129410000000.0,-0.006410756428835769,246095989404.86887,177148137946.1526,177144253133.8767,177149433693.1375,3.4783146977309487,3.406602693284554,-9.543174225445766,15.923830366444452,0.008065826607741536,0.001343629172017649,8.700055664031283e-06,0.040586531783410824,0.0006270610977463966,0.000514416330036411,0.00012193411336539705,0.0014841852528203288,100022,2014-07-04,2016-06-24,2016-07-01,2016-09-30,2.0
2016-08-12,47936877457.479996,129410000000.0,-0.006440386896702876,247125188519.90228,178181749014.90967,178178516734.6887,178182783463.82397,3.4748039103057273,3.4028672007391965,-9.546864264278298,15.920340726213201,0.0070073308133322765,0.0010905124819276589,6.571700915744666e-06,0.03521909513781278,0.0005096146454197596,0.0004112853475846735,9.25998120766176e-05,0.0012327031650675216,100022,2014-07-04,2016-06-24,2016-07-01,2016-09-30,2.0
2016-08-19,46546268554.71999,129410000000.0,-0.006291722503460675,245711992505.86343,176771301781.28864,176767164307.38232,176772701473.3988,3.4924184826062024,3.4216091059392246,-9.528350291108206,15.937849144645632,0.008487026503862247,0.0014522030190085187,9.681882768683979e-06,0.04271017142292137,0.0006734489474243111,0.0005555669654800572,0.00013401986710515762,0.0015819260232977073,100022,2014-07-04,2016-06-24,2016-07-01,2016-09-30,2.0
2016-08-26,46492088987.08,129410000000.0,-0.0062981295314113875,245659495469.59406,176717934626.07516,176713756976.6296,176719350961.11664,3.4916593446615374,3.4208013869467178,-9.52914819314283,15.93709458434223,0.008548285528991463,0.0014682308390250084,9.829377069765594e-06,0.04301843079988196,0.0006808447187829532,0.0005621397602563389,0.00013596986236686208,0.001597439238603157,100022,2014-07-04,2016-06-24,2016-07-01,2016-09-30,2.0
2016-09-02,47298762549.71999,129410000000.0,-0.006461880961507811,246495601708.98047,177546231379.58545,177542606714.31427,177547421735.07675,3.4722571682579435,3.4001574519502604,-9.54954103318123,15.91780932116971,0.007641829903175667,0.0012372675284020387,7.768341192126775e-06,0.03844169891807568,0.0005798558775586272,0.0004727666787697264,0.00010991761953843389,0.0013838350229450115,100022,2014-07-04,2016-06-24,2016-07-01,2016-09-30,2.0
2016-09-09,46311490428.28001,129410000000.0,-0.006376287794309841,245496451537.43396,176547438479.26898,176543121927.92075,176548912583.14853,3.4823987343536804,3.4109481161925683,-9.538881662860335,15.927889796335645,0.008746729705758679,0.0015205588264075153,1.0315402735577757e-05,0.044007852815709715,0.0007064460293980705,0.0005849147398012268,0.0001427672325813118,0.0016509992303969533,100022,2014-07-04,2016-06-24,2016-07-01,2016-09-30,2.0
2016-09-16,44198487290.32,129410000000.0,-0.006482306155230866,243418493833.73642,174447114773.71127,174440860081.25668,174449423512.75043,3.469837070550356,3.397582449938687,-9.552084689452943,15.915403795238468,0.011563370443073586,0.0023372852008454693,1.8599811590396744e-05,0.05699975996464876,0.0010755836045822278,0.0009182621912037171,0.0002483435830625898,0.002401120414815517,100022,2014-07-04,2016-06-24,2016-07-01,2016-09-30,2.0
2016-09-23,45504816865.64,129410000000.0,-0.006759091107089899,244775246334.69592,175790249880.1791,175785255344.61172,175792008600.1654,3.437041786860568,3.3626876818497844,-9.586554120416439,15.882805731758992,0.00968018783664256,0.0017743867892853534,1.2771859349160084e-05,0.048367048233302755,0.0008327488326293977,0.0006979649971011829,0.00017736553474004938,0.0019120547755565706,100022,2014-07-04,2016-06-24,2016-07-01,2016-09-30,2.0
2016-09-30,45035260612.76,129410000000.0,-0.0072177983354985735,244405060731.66983,175380210918.10303,175374764908.20514,175382162235.2378,3.3826904891337004,3.304855531380038,-9.643679056998643,15.828409470571373,0.010222987623350213,0.0019258215780960266,1.4330796248254683e-05,0.050876891717981945,0.000917895274608605,0.0007747012647930661,0.00020160177347699915,0.0020854067544932168,100022,2014-07-04,2016-06-24,2016-07-01,2016-09-30,2.0
2016-10-07,46600448122.36,129410000000.0,-0.007386843462412143,285162216580.40894,176968488062.44043,176963057177.7743,176969697189.41995,-0.10710562850417098,0.21309285906293646,-12.093064918997387,12.06425224777997,0.003000746700225676,0.0004708371379072531,2.0035641855973443e-06,0.01547908550041742,0.0006688452214641428,0.00046379403463655904,8.835883091015781e-05,0.001804467389428565,100022,2014-10-03,2016-09-30,2016-10-07,2016-12-30,3.0
2016-10-14,46257310860.64,129410000000.0,-0.007326294651986332,284807035518.1751,176617339459.50848,176611573422.85114,176618643707.85654,-0.09973251112863807,0.22179897777018306,-12.087323071198174,12.072388555355904,0.0031681378360225113,0.0005095122890555559,2.2536003003302286e-06,0.01627704829310506,0.0007148331852600031,0.000499726131723273,9.697306439774048e-05,0.001914961630093479,100022,2014-10-03,2016-09-30,2016-10-07,2016-12-30,3.0
2016-10-21,47334882261.479996,129410000000.0,-0.0074119276448696226,285895974761.1474,177706417912.09595,177701648784.04614,177707443881.5518,-0.11016016414241703,0.20948608609698385,-12.095443652243281,12.060881530602666,0.0026758489541706325,0.00039847242930902136,1.56323545308169e-06,0.013906683616336117,0.000579266398194021,0.0003945608555020394,7.221879214904935e-05,0.0015864954413802915,100022,2014-10-03,2016-09-30,2016-10-07,2016-12-30,3.0
2016-10-28,48261954863.32,129410000000.0,-0.0073981989115620775,286810656208.5309,178631937216.25708,178627897557.69537,178632769072.22354,-0.10848839742065204,0.21146009591370193,-12.094141756448723,12.062726345996746,0.0023153578753883036,0.00032262413921969776,1.1428789767966627e-06,0.012136776750200175,0.0004824794872119051,0.00032104290638090296,5.583281893406572e-05,0.0013462658349220908,100022,2014-10-03,2016-09-30,2016-10-07,2016-12-30,3.0
2016-11-04,45426557490.159996,129410000000.0,-0.007456981650678056,252737282718.16364,175803291896.89404,175796615994.55933,175804845232.57266,-0.115646449849233,0.20300791862214465,-12.099716121839892,12.054827337323909,0.0035923376698093075,0.0006111173341454329,3.933509417620279e-06,0.018267600172335693,0.0008434224387504816,0.0005996870285793409,0.00012916708525457252,0.0022144875525539434,100022,2014-10-03,2016-09-30,2016-10-07,2016-12-30,3.0
2016-11-11,48225835151.56,129410000000.0,-0.007441658381968281,286785871151.5982,178601474614.88168,178597406901.33755,178602313777.51245,-0.11378051563919359,0.20521120088408712,-12.098263017185301,12.056886423407919,0.002326451976209257,0.00032488466772174866,1.154760497654801e-06,0.012191624883034725,0.0004861507836023529,0.000323801794446684,5.6436023113905524e-05,0.0013554535365407734,100022,2014-10-03,2016-09-30,2016-10-07,2016-12-30,3.0
2016-11-18,48761610876.0,129410000000.0,-0.007519278435931582,287336086742.96326,179147486126.7041,179143790208.24356,179148229657.99594,-0.12323240522901933,0.1940504715239271,-12.10562371892483,12.046456107150988,0.002135068852748416,0.00028676249146666123,9.590202170482404e-07,0.011203024101822712,0.00043761898372898225,0.0002874892410394631,4.8657052822933865e-05,0.0012329256238766573,100022,2014-10-03,2016-09-30,2016-10-07,2016-12-30,3.0
2016-11-25,49839182276.840004,129410000000.0,-0.00795976255352799,288514556093.5918,180282694513.977,180279643055.55646,180283278513.9047,-0.17687048068410477,0.13071482888707744,-12.147394624844248,11.9872648555619,0.0017840076437752512,0.0002220626758394908,6.502939547350694e-07,0.00939424096313587,0.00035497212961934705,0.00022671215973804273,3.620280786455229e-05,0.0010202911345914534,100022,2014-10-03,2016-09-30,2016-10-07,2016-12-30,3.0
2016-12-02,48051256544.71999,129410000000.0,-0.007977357317962541,286748418974.8152,178496708991.59097,178492489736.35406,178497587874.68906,-0.179013000316614,0.12818494407352896,-12.149063122664213,11.984900493328269,0.0023649997465898585,0.00033277468008092754,1.196546816381055e-06,0.012382024506904963,0.0005059521086916408,0.0003387034034257724,5.974487907272719e-05,0.0014046825039644483,100022,2014-10-03,2016-09-30,2016-10-07,2016-12-30,3.0
2016-12-09,53439113548.92,129410000000.0,-0.00797781088144521,292083689054.5398,183885370330.43756,183883809410.56204,183885621523.85144,-0.17906823086711232,0.12811972789493456,-12.14910613373065,11.984839544021915,0.0009989169725989082,0.00010304404409583285,1.8579932438531573e-07,0.005385846253796855,0.00017238741512889993,9.916923990997307e-05,1.2903685604950826e-05,0.0005279389920116093,100022,2014-10-03,2016-09-30,2016-10-07,2016-12-30,3.0
2016-12-16,54179567640.0,129410000000.0,-0.007962559079623715,292812963412.3553,184623881849.91956,184622526012.31516,184624092070.74594,-0.17721101452846416,0.1303127269285302,-12.14765981726653,11.98688906200701,0.0008853950562836871,8.771774802685277e-05,1.4320851227847677e-07,0.004760370996135033,0.00014835320003029744,8.338441612891327e-05,1.0393748496084671e-05,0.00045979048992112587,100022,2014-10-03,2016-09-30,2016-10-07,2016-12-30,3.0
2016-12-23,54155487832.159996,129410000000.0,-0.008363063584014402,292890418376.75903,184652053278.01093,184650684927.2432,184652265980.9317,-0.225980412537108,0.07272576813137135,-12.18563923946765,11.933069428868302,0.0008813211446294576,8.71527051579613e-05,1.4178973261762951e-07,0.004737892629669475,0.0001497958015573034,8.431547620767977e-05,1.0546412893328122e-05,0.0004637902654080642,100022,2014-10-03,2016-09-30,2016-10-07,2016-12-30,3.0
2016-12-30,53427073645.0,129410000000.0,-0.00822444322119363,292134144101.3391,183905504840.93927,183903936007.01178,183905757663.32312,-0.20910065914791404,0.0926574246867666,-12.17249404111271,11.951697257076386,0.0009956454363511719,0.0001026023912422667,1.8448778266383955e-07,0.00536784528752338,0.0001733093792858912,9.977588811575886e-05,1.300797070281511e-05,0.0005304549395893108,100022,2014-10-03,2016-09-30,2016-10-07,2016-12-30,3.0
2016-01-01,95760556166.4,50016000000.0,-0.0039681064438854725,145975419247.54874,145975419271.46994,145975419138.6432,145975419272.47125,-2.238121254833136,-2.395639866111196,-7.996438657020644,4.110688925352953,5.437675728286944e-08,4.323132835741375e-11,1.7747432519538152e-14,1.1375985110679039e-07,1.373834849427354e-08,4.1987526378565156e-10,1.8323559345376877e-11,7.490205690300573e-08,100080,2014-01-03,2015-12-25,2016-01-01,2016-03-25,0.0
2016-01-08,85919877251.20001,50016000000.0,-0.004354404010770185,136154141826.93443,136154141977.04195,136154141129.54442,136154141983.30728,-2.251734065919098,-2.410264231690917,-8.008706416338054,4.098525700319262,3.009462947244701e-07,5.72410048376531e-10,3.419345150178238e-13,7.745518201413053e-07,8.364149640771989e-08,4.71806107593089e-09,2.9908743869325576e-10,4.554464271018147e-07,100080,2014-01-03,2015-12-25,2016-01-01,2016-03-25,0.0
2016-01-15,83190949484.79999,50016000000.0,-0.00419042178824033,133416977103.69057,133416977352.9878,133416975937.49408,133416977365.51178,-2.245955576781456,-2.4040563536548234,-8.003498885749263,4.103688863813342,4.86339975967023e-07,1.1000476212760383e-09,8.388550215133667e-13,1.2899724689024393e-06,1.3841338797780275e-07,9.196648173803157e-09,6.468213648220302e-10,7.498930085589348e-07,100080,2014-01-03,2015-12-25,2016-01-01,2016-03-25,0.0
2016-01-22,87284341134.4,50016000000.0,-0.0043253692270820475,137517147226.02893,137517147342.28918,137517146687.25626,137517147346.88556,-2.2507109352988905,-2.4091650746429423,-8.0077843786539,4.099439883136985,2.3708372774858469e-07,4.0387237711477104e-10,2.2587683825117305e-13,6.010329720678471e-07,6.49745297150378e-08,3.3710758368966503e-09,2.0289564958857846e-10,3.54412863029887e-07,100080,2014-01-03,2015-12-25,2016-01-01,2016-03-25,0.0
2016-01-29,85506403347.20001,50016000000.0,-0.004507965977424311,135748382574.4696,135748382736.9913,135748381817.77016,135748382744.12497,-2.257145212844651,-2.4160774644374214,-8.013582902499637,4.09369075202808,3.231127370411999e-07,6.319711515689286e-10,3.875333838594263e-13,8.353413401307224e-07,9.05411538246364e-08,5.242646832506704e-09,3.378043111954844e-10,4.926901491629296e-07,100080,2014-01-03,2015-12-25,2016-01-01,2016-03-25,0.0
2016-02-05,79717768691.20001,50016000000.0,-0.0045924088331738225,129963990328.86972,129963990811.68683,129963988055.13432,129963990841.55473,-2.260120710926373,-2.4192740600039997,-8.016264400334876,4.0910320915481195,8.926742514169346e-07,2.6093801645042324e-09,2.6478394572584883e-12,2.530001180414017e-06,2.668378447500088e-07,2.1881395697775742e-08,1.758938295513884e-09,1.4312719035342444e-06,100080,2014-01-03,2015-12-25,2016-01-01,2016-03-25,0.0
2016-02-12,78369843764.16,50016000000.0,-0.004854214196369675,128629221698.2856,128629222323.69507,128629218745.71658,128629222365.9138,-2.269345625569343,-2.4291844293586564,-8.02457783114462,4.082789446899416,1.1294678204784562e-06,3.7103326281338188e-09,4.136394849893821e-12,3.3360344794784607e-06,3.453169010775581e-07,3.071242141761707e-08,2.6013181635614228e-09,1.8429161552658036e-06,100080,2014-01-03,2015-12-25,2016-01-01,2016-03-25,0.0
2016-02-19,81065693618.24,50016000000.0,-0.0049035102670349625,131327549474.70557,131327549851.36188,131327547705.4017,131327549872.92757,-2.271082564262218,-2.4310504287359436,-8.026143149071048,4.081237454382951,7.021606940953194e-07,1.849302405153787e-09,1.6804059911163908e-12,1.9076311679755353e-06,2.0835793962665362e-07,1.579612010928716e-08,1.207686221675784e-09,1.1223030940706885e-06,100080,2014-01-03,2015-12-25,2016-01-01,2016-03-25,0.0
2016-02-26,80900304056.64,50016000000.0,-0.005039624489232013,131169001718.30411,131169002107.63727,131168999887.87967,131169002130.42416,-2.2758784492583404,-2.436202661549032,-8.030465170460433,4.076952221417879,7.220248884933243e-07,1.9238227776357404e-09,1.7715486649336309e-12,1.9707375726117293e-06,2.1540473231140838e-07,1.6505508013925663e-08,1.2705256227030441e-09,1.1596287785203479e-06,100080,2014-01-03,2015-12-25,2016-01-01,2016-03-25,0.0
2016-03-04,81446089609.92,48472000000.0,-0.005090166714876379,130165448967.3787,130165449176.77481,130165447988.66043,130165449186.94208,-2.2776592389722223,-2.438115767706904,-8.032070007255856,4.075361043061436,4.156635539908713e-07,8.912086619773208e-10,6.234763024491208e-13,1.0917554278238864e-06,1.200544016444006e-07,7.625701496885322e-09,5.206657330804143e-10,6.514644717202127e-07,100080,2014-01-03,2015-12-25,2016-01-01,2016-03-25,0.0
2016-03-11,81007807271.68,48472000000.0,-0.004514127762970936,129699110444.59619,129699110670.06198,129699109389.8823,129699110681.23926,-2.2573623360632458,-2.4163107212878003,-8.013778572394108,4.093496748671875,4.522865348595159e-07,9.954671045449798e-10,7.313136452504002e-13,1.1942329061220643e-06,1.2927440403840048e-07,8.402199871553124e-09,5.828205398562174e-10,7.009364954209508e-07,100080,2014-01-03,2015-12-25,2016-01-01,2016-03-25,0.0
2016-03-18,82082839422.08,48472000000.0,-0.004798085335352043,130787970866.6693,130787971051.04698,130787970007.52042,130787971059.40253,-2.267367916718014,-2.4270597689535407,-8.02279553290184,4.084556571534224,3.7137754851539544e-07,7.674168993804662e-10,5.039923984082125e-13,9.685703740175423e-07,1.057269948332204e-07,6.4420752011061025e-09,4.285232016339621e-10,5.744918705143567e-07,100080,2014-01-03,2015-12-25,2016-01-01,2016-03-25,0.0
2016-03-25,84762150320.0,48472000000.0,-0.004772163451317839,133466019330.9737,133466019440.85757,133466018822.02715,133466019445.20863,-2.2664545487877814,-2.426078533904729,-8.021972411782757,4.085372684621667,2.289270007139666e-07,3.830885568600541e-10,2.125528474930086e-13,5.790644876919484e-07,6.339020794093323e-08,3.262647232693696e-09,1.9540144638428432e-10,3.458092640553917e-07,100080,2014-01-03,2015-12-25,2016-01-01,2016-03-25,0.0
2016-04-01,83604423388.79999,48472000000.0,-0.004837807331449042,132311488775.88037,132311489578.80402,132311484664.35559,132311489726.44122,-0.9685455509812183,-0.8280611548474468,-7.512010436003019,5.49707000519791,7.550897945085949e-06,4.224060389239854e-08,8.26676567068191e-12,3.991503907117436e-05,4.601890888683878e-07,9.018493888485222e-08,2.668846627282274e-09,2.4071068969987296e-06,100080,2014-04-04,2016-03-25,2016-04-01,2016-06-24,1.0
2016-04-08,84141939464.0,48472000000.0,-0.0050752543855854945,132860571653.06519,132860572392.43253,132860567877.80061,132860572524.72342,-0.9759100245931794,-0.8336498363222518,-7.518154479058505,5.489667345794553,6.976734767208899e-06,3.750448760063604e-08,6.9974485006462686e-12,3.6984138203750714e-05,4.2260771733125195e-07,8.131945761335653e-08,2.344768999612458e-09,2.2152983955712657e-06,100080,2014-04-04,2016-03-25,2016-04-01,2016-06-24,1.0
2016-04-15,87408383305.6,48472000000.0,-0.005192512967785851,136132728876.80296,136132729314.26129,136132726678.4934,136132729380.93605,-0.9795466415612911,-0.8364095766135051,-7.521188456551483,5.486011991105703,4.3574462339660295e-06,1.8497286358146966e-08,2.601816751438268e-12,2.2280927096589436e-05,2.470864701818363e-07,4.1676973240515056e-08,1.0322139990587486e-09,1.3106926746985586e-06,100080,2014-04-04,2016-03-25,2016-04-01,2016-06-24,1.0
2016-04-22,91212343222.4,48472000000.0,-0.005201653725431045,139937134410.14395,139937134647.983,139937133238.02783,139937134678.05856,-0.9798301247282275,-0.8366247056342786,-7.521424962938132,5.485727050582963,2.5246265893506447e-06,8.466079637303678e-09,8.310696074715436e-13,1.2040089209863841e-05,1.3296295426173044e-07,1.8969446195986774e-08,3.9787775729578985e-10,7.120842266060601e-07,100080,2014-04-04,2016-03-25,2016-04-01,2016-06-24,1.0
2016-04-29,83314991656.0,48472000000.0,-0.005180846165192681,132038768269.93507,132038769116.44205,132038763928.50714,132038769274.70396,-0.9791848168521449,-0.8361349960639473,-7.520886590908361,5.486375676608299,7.853481280818954e-06,4.4812192393274234e-08,8.980998790217467e-12,4.145648087068255e-05,4.857004500653498e-07,9.638352244511715e-08,2.898872963239162e-09,2.536685992307127e-06,100080,2014-04-04,2016-03-25,2016-04-01,2016-06-24,1.0
2016-05-06,80850687188.16,48472000000.0,-0.005255255910523684,129578088930.63881,129578090193.92908,129578082370.1321,129578090462.00768,-0.9814924793821911,-0.837886230861983,-7.522811845473998,5.484056159537772,1.1198070910837808e-05,7.379542917938697e-08,1.9009206001385532e-11,5.8229417067765565e-05,7.339287931837176e-07,1.597621955986704e-07,5.426643447960499e-09,3.786405778486938e-06,100080,2014-04-04,2016-03-25,2016-04-01,2016-06-24,1.0
2016-05-13,79502762261.12,48472000000.0,-0.005330627522565173,128233836400.66997,128233837976.95483,128233828169.11272,128233838333.11949,-0.9838299221893749,-0.8398971011079794,-7.524761949633455,5.481706741403322,1.359565146018047e-05,9.535568313444738e-08,2.7510992073482064e-11,7.005548927925576e-05,9.217070663305494e-07,2.1138604993098953e-07,7.660487900169546e-09,4.718733667127555e-06,100080,2014-04-04,2016-03-25,2016-04-01,2016-06-24,1.0
2016-05-20,74044906728.32,48472000000.0,-0.005381800125490273,122778471538.78088,122778475400.5354,122778450934.04782,122778476525.65936,-0.9854168707432419,-0.8413055242374128,-7.526085926714712,5.480111680966309,2.9908478696432397e-05,2.9516480779089496e-07,1.1023123226581956e-10,0.00014848998932645834,2.333310526829567e-06,6.564196941979891e-07,3.0916536155431653e-08,1.149672372784722e-05,100080,2014-04-04,2016-03-25,2016-04-01,2016-06-24,1.0
2016-05-27,70563456456.64,48472000000.0,-0.005511659954575418,119303345903.72885,119303352762.621,119303308772.25858,119303355129.5634,-0.989443938503572,-0.8448795465415202,-7.529445682472506,5.476064095390486,4.944644027394212e-05,6.217295764685823e-07,2.705814582898922e-10,0.00023967482277512765,4.2633285128465844e-06,1.3671295305923818e-06,7.578408398122013e-08,2.0363493823017198e-05,100080,2014-04-04,2016-03-25,2016-04-01,2016-06-24,1.0
2016-06-03,73879517166.72,48472000000.0,-0.0055372453045172375,122620657802.19307,122620661779.99776,122620636562.69952,122620662949.14554,-0.9902373451409274,-0.8455836921108357,-7.530107617840682,5.475266657705745,3.0598999002529586e-05,3.0554029205691937e-07,1.1479256326093177e-10,0.0001517539703100715,2.40626985579359e-06,6.814440258588345e-07,3.237729388143018e-08,1.1838469345950785e-05,100080,2014-04-04,2016-03-25,2016-04-01,2016-06-24,1.0
2016-06-10,72771407104.0,48472000000.0,-0.005629565200942901,121517046593.98143,121517051372.84297,121517020958.65309,121517052855.44983,-0.9931001547271964,-0.8481244178968126,-7.532496050325642,5.472389334129348,3.5895293105084536e-05,3.890913525427666e-07,1.5251973133549648e-10,0.0001766755147090741,2.915534073059264e-06,8.60389817847617e-07,4.310970041517293e-08,1.4209080193230786e-05,100080,2014-04-04,2016-03-25,2016-04-01,2016-06-24,1.0
2016-06-17,72837562928.64,48472000000.0,-0.005830890049573294,121593017168.6317,121593021910.6063,121592991736.60904,121593023378.566,-0.9993429101500002,-0.8536647837320999,-7.537704382719356,5.466115097481484,3.550295682104915e-05,3.826674452329996e-07,1.4955999069087392e-10,0.00017483588285971394,2.8913786858614313e-06,8.516192866712866e-07,4.2589843039597214e-08,1.4096692926005371e-05,100080,2014-04-04,2016-03-25,2016-04-01,2016-06-24,1.0
2016-06-24,72473705893.12,48472000000.0,-0.006369741549732035,121255438811.7188,121255443764.73209,121255411418.6383,121255445372.09721,-1.016050050550062,-0.8684918815249034,-7.551643305030164,5.449324842557951,3.72798254447856e-05,4.1163692642400904e-07,1.6317355285869917e-10,0.0001831597299835694,3.103793550709708e-06,9.284654097487757e-07,4.736069015724421e-08,1.5076282257900371e-05,100080,2014-04-04,2016-03-25,2016-04-01,2016-06-24,1.0
2016-07-01,74995896707.52,48472000000.0,-0.006520102512182806,123784956184.70891,123784963437.09366,123784914361.94002,123784970803.36961,1.3543264129081036,1.269964242603237,-4.422173217297131,6.882296786483039,0.00027841958081120113,1.359074309682327e-05,4.6500742054682466e-08,0.001446439932981268,6.8885756816195154e-06,4.040134017074888e-06,5.017709420253654e-07,2.3948840177423956e-05,100080,2014-07-04,2016-06-24,2016-07-01,2016-09-30,2.0
2016-07-08,75186094703.36,48472000000.0,-0.006736888254060118,123985732536.11726,123985739610.09244,123985691782.60052,123985746753.66597,1.3487613313565634,1.265042144977997,-4.427818699876388,6.877107067117868,0.0002719691965417277,1.3139289600417368e-05,4.458048620811753e-08,0.0014114269320209573,6.700191685447748e-06,3.918486286336794e-06,4.838635145808795e-07,2.3340846852270102e-05,100080,2014-07-04,2016-06-24,2016-07-01,2016-09-30,2.0
2016-07-15,77642129693.12,48472000000.0,-0.006551731690406832,126432737870.5568,126432742789.25171,126432709929.0127,126432747354.23001,1.3535144476486372,1.269246091261266,-4.422996912849248,6.881539588645047,0.00020442597005025263,8.707176809910618e-06,2.6700373890267723e-08,0.0010459186905455123,4.4939745131030855e-06,2.5203692587992795e-06,2.863487184176956e-07,1.61060534919512e-05,100080,2014-07-04,2016-06-24,2016-07-01,2016-09-30,2.0
2016-07-22,76137084682.56,48472000000.0,-0.006313785077396439,124916081890.43683,124916088005.74649,124916046859.85239,124916093974.84457,1.3596230068273993,1.2746488694210711,-4.416800108817915,6.887236116561962,0.00024398407918417594,1.1235852376285594e-05,3.6675208910537683e-08,0.0012597124364312317,5.709776192412906e-06,3.2842799231443257e-06,3.922634684117853e-07,2.0121276173610384e-05,100080,2014-07-04,2016-06-24,2016-07-01,2016-09-30,2.0
2016-07-29,79568918085.76,48472000000.0,-0.006389155644443183,128351597465.14748,128351601162.2359,128351576683.9197,128351604373.6226,1.3576880614968043,1.2729374876253132,-4.418763005505116,6.885431687673918,0.0001634705055763011,6.308541284453167e-06,1.7894477134758936e-08,0.0008221949672547098,3.289092915951509e-06,1.7832520457296182e-06,1.8978348297000752e-07,1.2041667661302832e-05,100080,2014-07-04,2016-06-24,2016-07-01,2016-09-30,2.0
2016-08-05,79279486352.96,48472000000.0,-0.006410756428835769,128063219131.27768,128063222990.21368,128063197405.90012,128063226376.39647,1.3571335227832726,1.2724470202065277,-4.419325555018713,6.884914553587805,0.00016905340893459794,6.621401484910252e-06,1.9001775193184708e-08,0.000852522290292388,3.446544088006484e-06,1.878229580366369e-06,2.01861391411592e-07,1.257852447569324e-05,100080,2014-07-04,2016-06-24,2016-07-01,2016-09-30,2.0
2016-08-12,81123579964.79999,48472000000.0,-0.006440386896702876,129908760235.1675,129908763178.95184,129908743818.51933,129908765606.45064,1.3563728490072147,1.2717742344602811,-4.420097217528382,6.884205188424312,0.00013637589111097006,4.858449783665154e-06,1.2947755240931305e-08,0.00067992412872887,2.566404719375639e-06,1.3535842249809207e-06,1.3674010699168072e-07,9.550997035910711e-06,100080,2014-07-04,2016-06-24,2016-07-01,2016-09-30,2.0
2016-08-19,79676421300.79999,48472000000.0,-0.006291722503460675,128454347999.91402,128454351633.66994,128454327586.03122,128454354778.43791,1.3601894126174132,1.275149832603347,-4.416225521167144,6.887764316727408,0.0001615264174762255,6.200691244363517e-06,1.7515886738150627e-08,0.0008118456348738824,3.2281584556862776e-06,1.7466123632860515e-06,1.8515626898822525e-07,1.1833406571170353e-05,100080,2014-07-04,2016-06-24,2016-07-01,2016-09-30,2.0
2016-08-26,80213937376.0,48472000000.0,-0.0062981295314113875,128992177198.78925,128992180556.67685,128992158386.37222,128992183410.21857,1.3600249266467714,1.275004351370626,-4.4163923831674765,6.887610925798526,0.00015172350165532582,5.66565489786621e-06,1.5662259105641137e-08,0.0007603501568784623,2.9620032421903163e-06,1.5874362101303856e-06,1.65269825751326e-07,1.0920083220945469e-05,100080,2014-07-04,2016-06-24,2016-07-01,2016-09-30,2.0
2016-09-02,78502155413.44,48472000000.0,-0.006461880961507811,127288381253.12247,127288385582.87427,127288356777.89958,127288389483.16809,1.3558210561416066,1.271286195533321,-4.420656981716638,6.883690614695843,0.00018502254193563243,7.54138539588094e-06,2.233227280595772e-08,0.0009395806422125922,3.907910496830971e-06,2.1589857696946614e-06,2.38224040702635e-07,1.4141218380357135e-05,100080,2014-07-04,2016-06-24,2016-07-01,2016-09-30,2.0
2016-09-09,78576580716.16,48472000000.0,-0.006376287794309841,127358631083.93042,127358635360.70319,127358606915.88744,127358639203.28593,1.3580184081920075,1.273229666109728,-4.418427886700829,6.885739751837628,0.00018351422630085316,7.452934832280024e-06,2.2007423718979372e-08,0.0009313391414837724,3.856539137629033e-06,2.1275479459365687e-06,2.3410566198724608e-07,1.3967972487413318e-05,100080,2014-07-04,2016-06-24,2016-07-01,2016-09-30,2.0
2016-09-16,75070322010.24,48472000000.0,-0.006482306155230866,123857537673.69958,123857544842.85101,123857496346.29286,123857552105.53336,1.3552967055808403,1.2708224281996081,-4.421188907235319,6.883201632147212,0.00027607019621448623,1.3425773450050843e-05,4.579710918636426e-08,0.0014336940650770788,6.802333395361608e-06,3.984389728804114e-06,4.935526128939372e-07,2.3670737532926294e-05,100080,2014-07-04,2016-06-24,2016-07-01,2016-09-30,2.0
2016-09-23,75649185475.84,48472000000.0,-0.006759091107089899,124449907927.66989,124449914538.61824,124449869943.17041,124449921108.9606,1.3481913792744005,1.2645380443445902,-4.428396886748942,6.876575557373144,0.0002576252244119538,1.215229334207743e-05,4.044176136564231e-08,0.0013336107007403777,6.2182621144924275e-06,3.6087086049877143e-06,4.387412739365134e-07,2.1779304946756763e-05,100080,2014-07-04,2016-06-24,2016-07-01,2016-09-30,2.0
2016-09-30,73953942469.44,48472000000.0,-0.0072177983354985735,122777050603.79315,122777059134.632,122777001073.9566,122777068137.38123,1.3364168787901751,1.2541239428019253,-4.440341526728662,6.865595199844666,0.00031319799892615276,1.6131983006802062e-05,5.7479345720253895e-08,0.00163526261255082,8.237668857522407e-06,4.9202041667439634e-06,6.342070403006743e-07,2.826421986085363e-05,100080,2014-07-04,2016-06-24,2016-07-01,2016-09-30,2.0
2016-10-07,74259913158.4,48472000000.0,-0.007386843462412143,123091287635.67294,123091291065.0654,123091271043.25519,123091293636.57153,0.9945576891822263,0.9385151836013392,-5.122574539306378,7.640167784900362,0.000425571763156783,3.485109661889145e-06,4.994581311167113e-09,0.0008144988900519246,2.9934445896071366e-06,1.5301730946662327e-06,1.9082539928253518e-07,1.0391206249268828e-05,100080,2014-10-03,2016-09-30,2016-10-07,2016-12-30,3.0
2016-10-14,74871854536.32,48472000000.0,-0.007326294651986332,123700273084.77481,123700276188.86798,123700258134.28728,123700278463.86153,0.9962857617045756,0.9399960962773548,-5.120885900136045,7.64217287517345,0.00040226893970509185,3.098735871119495e-06,4.297074934837777e-09,0.0007472069527237512,2.6870341816390585e-06,1.3558239566650393e-06,1.655609883861956e-07,9.3830458968479e-06,100080,2014-10-03,2016-09-30,2016-10-07,2016-12-30,3.0
2016-10-21,74698195496.64,48472000000.0,-0.0074119276448696226,123530795360.61884,123530798557.0364,123530779944.6981,123530800915.19363,0.9938417901274957,0.9379016766379209,-5.123274102132882,7.6393371241910275,0.00040861596604740063,3.2017281565288936e-06,4.480688215259943e-09,0.0007653649674357175,2.7735577655930328e-06,1.4048524970073055e-06,1.7261116013008815e-07,9.668367473897726e-06,100080,2014-10-03,2016-09-30,2016-10-07,2016-12-30,3.0
2016-10-28,75020705141.76,48472000000.0,-0.0073981989115620775,123852634930.40875,123852637964.35796,123852620334.14716,123852640175.86859,0.9942336057138619,0.9382374524793704,-5.1228912274510545,7.639791749465534,0.00039665144309641853,3.008985633575606e-06,4.1384881927103605e-09,0.0007312446152999516,2.6209669367196687e-06,1.3185223295565313e-06,1.602258088896611e-07,9.164637760931394e-06,100080,2014-10-03,2016-09-30,2016-10-07,2016-12-30,3.0
2016-11-04,72705251279.36,48472000000.0,-0.007456981650678056,121540048767.74304,121540053177.58615,121540027172.28894,121540056684.20294,0.9925559660511286,0.9367997582198768,-5.124530584853846,7.637845177302873,0.0004915866937648975,4.702100825653284e-06,7.332717316134027e-09,0.001013960914095002,3.935938131419137e-06,2.0781013390311076e-06,2.733248716454838e-07,1.345287648050552e-05,100080,2014-10-03,2016-09-30,2016-10-07,2016-12-30,3.0
2016-11-11,77650399171.20001,48472000000.0,-0.007441658381968281,126484453279.72527,126484455266.51605,126484443902.8763,126484456580.46207,0.9929932846962098,0.9371745292041851,-5.12410324541479,7.638352599865178,0.0003116036768487076,1.7882822542411142e-06,2.1662154628282443e-09,0.0005029797587064682,1.6590686836373526e-06,7.888137411065669e-07,8.765243068194777e-08,5.941093596104048e-06,100080,2014-10-03,2016-09-30,2016-10-07,2016-12-30,3.0
2016-11-18,75632646519.68,48472000000.0,-0.007519278435931582,124470489776.07893,124470492530.18445,124470476585.19754,124470494493.908,0.9907780628043262,0.9352761395348352,-5.126267918140729,7.6357822694705675,0.00037470354350939135,2.6681570521010538e-06,3.553597398263779e-09,0.0006698805977920975,2.3598524815470625e-06,1.172125987037503e-06,1.395469020004281e-07,8.298114580747325e-06,100080,2014-10-03,2016-09-30,2016-10-07,2016-12-30,3.0
2016-11-25,73432965350.4,48472000000.0,-0.00795976255352799,122292323188.05547,122292327140.05373,122292303938.46889,122292330202.689,0.9782077451456583,0.9245036589177289,-5.138551400467622,7.621196899476584,0.00045832016423760243,4.066281899009191e-06,6.085929297081873e-09,0.0009118760940389771,3.4906741588831944e-06,1.8173125119825651e-06,2.3351152465104477e-07,1.2012583871085858e-05,100080,2014-10-03,2016-09-30,2016-10-07,2016-12-30,3.0
2016-12-02,72068501467.20001,48472000000.0,-0.007977357317962541,120928716910.1513,120928721833.99216,120928692670.1957,120928725850.97324,0.9777056623704751,0.9240733840524626,-5.1390420267278385,7.62061433223403,0.0005204924501606332,5.291552222972281e-06,8.533510412564991e-09,0.001105102628305078,4.436811727379473e-06,2.3754556093450937e-06,3.197768518427022e-07,1.5058382684277546e-05,100080,2014-10-03,2016-09-30,2016-10-07,2016-12-30,3.0
2016-12-09,78179645768.32,48472000000.0,-0.00797781088144521,127039889678.7283,127039891519.07498,127039881024.8535,127039892714.75395,0.9776927195479068,0.9240622923111914,-5.1390546742210965,7.62059931466188,0.0002962412615288019,1.6015087251330177e-06,1.892243203897353e-09,0.00046466018329329237,1.526694060154323e-06,7.183306550135571e-07,7.852740350822635e-08,5.489356631757129e-06,100080,2014-10-03,2016-09-30,2016-10-07,2016-12-30,3.0
2016-12-16,80685297626.56,48472000000.0,-0.007962559079623715,129544797469.79584,129544798698.83267,129544791791.75623,129544799427.32468,0.9781279435598238,0.9244352705650272,-5.1386293811407535,7.6211043055990135,0.00023620481719911616,9.741328787100823e-07,1.0303002065340526e-09,0.00032443354184331994,9.902300910007681e-07,4.406051046022211e-07,4.4231363231234e-08,3.6343067695457814e-06,100080,2014-10-03,2016-09-30,2016-10-07,2016-12-30,3.0
2016-12-23,81454359088.0,48472000000.0,-0.008363063584014402,130333431545.04463,130333432638.4331,130333426519.56427,130333433269.15343,0.9666997179943791,0.9139722405457178,-5.149796842338173,7.607844133730627,0.0002200591402163852,8.331004613894439e-07,8.513851492598921e-10,0.00028954824015034664,8.733980926050368e-07,3.8225230895561604e-07,3.7433294985471565e-08,3.223493391674046e-06,100080,2014-10-03,2016-09-30,2016-10-07,2016-12-30,3.0
2016-12-30,81975336207.04,48472000000.0,-0.00822444322119363,130847633658.91052,130847634661.94284,130847629065.15561,130847635229.55113,0.970655065391414,0.917988726270778,-5.145931745279176,7.612433521143979,0.00021015712408252026,7.523646270439488e-07,7.519491872765814e-10,0.000268826361004475,7.968652251398506e-07,3.445209634601813e-07,3.313204725488648e-08,2.9529663039313574e-06,100080,2014-10-03,2016-09-30,2016-10-07,2016-12-30,3.0
